1,1,0.25,0.25,2,2,1.75,1.75,1.75,1.75,1,1,4,4,3,3,0,1.88,0.3,250
1,1,0.25,0.25,2,2,1.75,1.75,1.75,1.75,1,1,4,4,3,3,0,1.88,0.3,275
1,1,0.25,0.25,2,2,1.75,1.75,1.75,1.75,1,1,4,4,3,3,0,1.88,0.3,300
1,1,0.25,0.25,2,2,1.75,1.75,1.75,1.75,1,1,4,4,3,3,0,1.88,0.3,325
1,1,0.25,0.25,2,2,1.75,1.75,1.75,1.75,1,1,4,4,3,3,0,1.88,0.3,350
1,1,0.25,0.25,2,2,1.75,1.75,1.75,1.75,1,1,4,4,3,3,0,1.88,0.3,375
1,1,0.25,0.25,2,2,1.75,1.75,1.75,1.75,1,1,4,4,3,3,0,1.88,0.3,400
1,1,0.25,0.25,2,2,1.75,1.75,1.75,1.75,1,1,4,4,3,3,0,1.88,0.3,425
1,1,0.25,0.25,2,2,1.75,1.75,1.75,1.75,1,1,4,4,3,3,0,1.88,0.3,450
1,1,0.25,0.25,2,2,1.75,1.75,1.75,1.75,1,1,4,4,3,3,0,1.88,0.3,475
1,1,0.25,0.25,2,2,1.75,1.75,1.75,1.75,1,1,4,4,3,3,0,1.88,0.3,500
1,1,0.25,0.25,2,2,1.75,1.75,1.75,1.75,1,1,4,4,3,3,0,1.88,0.3,525
1,1,0.25,0.25,2,2,1.75,1.75,1.75,1.75,1,1,4,4,3,3,0,1.88,0.3,550
1,1,0.25,0.25,2,2,1.75,1.75,1.75,1.75,1,1,4,4,3,3,0,1.88,0.3,575
1,1,0.25,0.25,2,2,1.75,1.75,1.75,1.75,1,1,4,4,3,3,0,1.88,0.3,600
1,1,0.25,0.25,2,2,1.75,1.75,1.75,1.75,1,1,4,4,3,3,0,1.88,0.3,625
1,1,0.25,0.25,2,2,1.75,1.75,1.75,1.75,1,1,4,4,3,3,0,1.88,0.3,650
1,1,0.25,0.25,2,2,1.75,1.75,1.75,1.75,1,1,4,4,3,3,0,1.88,0.3,675
1,1,0.25,0.25,2,2,1.75,1.75,1.75,1.75,1,1,4,4,3,3,0,1.88,0.3,700
1,1,0.25,0.25,2,2,1.75,1.75,1.75,1.75,1,1,4,4,3,3,0,1.88,0.3,725
1,1,0.25,0.25,2,2,1.75,1.75,1.75,1.75,1,1,4,4,3,3,0,1.88,0.3,750
1,1,0.25,0.25,2,2,1.75,1.75,1.75,1.75,1,1,4,4,3,3,0,1.88,0.3,775
1,1,0.25,0.25,2,2,1.75,1.75,1.75,1.75,1,1,4,4,3,3,0,1.88,0.3,800
1,1,0.25,0.25,2,2,1.75,1.75,1.75,1.75,1,1,4,4,3,3,0,1.88,0.3,825
1,1,0.25,0.25,2,2,1.75,1.75,1.75,1.75,1,1,4,4,3,3,0,1.88,0.3,850
1,1,0.25,0.25,2,2,1.75,1.75,1.75,1.75,1,1,4,4,3,3,0,1.88,0.3,875
1,1,0.25,0.25,2,2,1.75,1.75,1.75,1.75,1,1,4,4,3,3,0,1.88,0.3,900
1,1,0.25,0.25,2,2,1.75,1.75,1.75,1.75,1,1,4,4,3,3,0,1.88,0.3,925
1,1,0.25,0.25,2,2,1.75,1.75,1.75,1.75,1,1,4,4,3,3,0,1.88,0.3,950
1,1,0.25,0.25,2,2,1.75,1.75,1.75,1.75,1,1,4,4,3,3,0,1.88,0.3,975
1,1,0.25,0.25,2,2,1.75,1.75,1.75,1.75,1,1,4,4,3,3,0,1.88,0.3,1000
1,1,0.25,0.25,2,2,1.75,1.75,1.75,1.75,1,1,4,4,3,3,0,1.88,0.3,1025
1,1,0.25,0.25,2,2,1.75,1.75,1.75,1.75,1,1,4,4,3,3,0,1.88,0.3,1050
1,1,0.25,0.25,2,2,1.75,1.75,1.75,1.75,1,1,4,4,3,3,0,1.88,0.3,1075
1,1,0.25,0.25,2,2,1.75,1.75,1.75,1.75,1,1,4,4,3,3,0,1.88,0.3,1100
1,1,0.25,0.25,2,2,1.75,1.75,1.75,1.75,1,1,4,4,3,3,0,1.88,0.3,1125
1,1,0.25,0.25,2,2,1.75,1.75,1.75,1.75,1,1,4,4,3,3,0,1.88,0.3,1150
1,1,0.25,0.25,2,2,1.75,1.75,1.75,1.75,1,1,4,4,3,3,0,1.88,0.3,1175
1,1,0.25,0.25,2,2,1.75,1.75,1.75,1.75,1,1,4,4,3,3,0,1.88,0.3,1200
1,1,0.25,0.25,2,2,1.75,1.75,1.75,1.75,1,1,4,4,3,3,0,1.88,0.3,1225
1,1,0.25,0.25,2,2,1.75,1.75,1.75,1.75,1,1,4,4,3,3,0,1.88,0.3,1250
1,1,0.25,0.25,2,2,1.75,1.75,1.75,1.75,1,1,4,4,3,3,0,1.88,0.3,1275
1,1,0.25,0.25,2,2,1.75,1.75,1.75,1.75,1,1,4,4,3,3,0,1.88,0.3,1300
1,1,0.25,0.25,2,2,1.75,1.75,1.75,1.75,1,1,4,4,3,3,0,1.88,0.3,1325
1,1,0.25,0.25,2,2,1.75,1.75,1.75,1.75,1,1,4,4,3,3,0,1.88,0.3,1350
1,1,0.25,0.25,2,2,1.75,1.75,1.75,1.75,1,1,4,4,3,3,0,1.88,0.3,1375
1,1,0.25,0.25,2,2,1.75,1.75,1.75,1.75,1,1,4,4,3,3,0,1.88,0.3,1400
1,1,0.25,0.25,2,2,1.75,1.75,1.75,1.75,1,1,4,4,3,3,0,1.88,0.3,1425
1,1,0.25,0.25,2,2,1.75,1.75,1.75,1.75,1,1,4,4,3,3,0,1.88,0.3,1450
1,1,0.25,0.25,2,2,1.75,1.75,1.75,1.75,1,1,4,4,3,3,0,1.88,0.3,1475
1,1,0.25,0.25,2,2,1.75,1.75,1.75,1.75,1,1,4,4,3,3,0,1.88,0.3,1500
1,1,0.25,0.25,2,2,1.75,1.75,1.75,1.75,1,1,4,4,3,3,0,1.88,0.3,1525
1,1,0.25,0.25,2,2,1.75,1.75,1.75,1.75,1,1,4,4,3,3,0,1.88,0.3,1550
1,1,0.25,0.25,2,2,1.75,1.75,1.75,1.75,1,1,4,4,3,3,0,1.88,0.3,1575
1,1,0.25,0.25,2,2,1.75,1.75,1.75,1.75,1,1,4,4,3,3,0,1.88,0.3,1600
1,1,0.25,0.25,2,2,1.75,1.75,1.75,1.75,1,1,4,4,3,3,0,1.88,0.3,1625
1,1,0.25,0.25,2,2,1.75,1.75,1.75,1.75,1,1,4,4,3,3,0,1.88,0.3,1650
1,1,0.25,0.25,2,2,1.75,1.75,1.75,1.75,1,1,4,4,3,3,0,1.88,0.3,1675
1,1,0.25,0.25,2,2,1.75,1.75,1.75,1.75,1,1,4,4,3,3,0,1.88,0.3,1700
1,1,0.25,0.25,2,2,1.75,1.75,1.75,1.75,1,1,4,4,3,3,0,1.88,0.3,1725
1,1,0.25,0.25,2,2,1.75,1.75,1.75,1.75,1,1,4,4,3,3,0,1.88,0.3,1750
1,1,0.25,0.25,2,2,1.75,1.75,1.75,1.75,1,1,4,4,3,3,0,1.88,0.3,1775
1,1,0.25,0.25,2,2,1.75,1.75,1.75,1.75,1,1,4,4,3,3,0,1.88,0.3,1800
1,1,0.25,0.25,2,2,1.75,1.75,1.75,1.75,1,1,4,4,3,3,0,1.88,0.3,1825
1,1,0.25,0.25,2,2,1.75,1.75,1.75,1.75,1,1,4,4,3,3,0,1.88,0.3,1850
1,1,0.25,0.25,2,2,1.75,1.75,1.75,1.75,1,1,4,4,3,3,0,1.88,0.3,1875
1,1,0.25,0.25,2,2,1.75,1.75,1.75,1.75,1,1,4,4,3,3,0,1.88,0.3,1900
1,1,0.25,0.25,2,2,1.75,1.75,1.75,1.75,1,1,4,4,3,3,0,1.88,0.3,1925
1,1,0.25,0.25,2,2,1.75,1.75,1.75,1.75,1,1,4,4,3,3,0,1.88,0.3,1950
1,1,0.25,0.25,2,2,1.75,1.75,1.75,1.75,1,1,4,4,3,3,0,1.88,0.3,1975
1,1,0.25,0.25,2,2,1.75,1.75,1.75,1.75,1,1,4,4,3,3,0,1.88,0.3,2000
1,1,0.25,0.25,2,2,1.75,1.75,1.75,1.75,1,1,4,4,3,3,0,1.88,0.3,2025
1,1,0.25,0.25,2,2,1.75,1.75,1.75,1.75,1,1,4,4,3,3,0,1.88,0.3,2050
1,1,0.25,0.25,2,2,1.75,1.75,1.75,1.75,1,1,4,4,3,3,0,1.88,0.3,2075
1,1,0.25,0.25,2,2,1.75,1.75,1.75,1.75,1,1,4,4,3,3,0,1.88,0.3,2100
1,1,0.25,0.25,2,2,1.75,1.75,1.75,1.75,1,1,4,4,3,3,0,1.88,0.3,2125
1,1,0.25,0.25,2,2,1.75,1.75,1.75,1.75,1,1,4,4,3,3,0,1.88,0.3,2150
1,1,0.25,0.25,2,2,1.75,1.75,1.75,1.75,1,1,4,4,3,3,0,1.88,0.3,2175
1,1,0.25,0.25,2,2,1.75,1.75,1.75,1.75,1,1,4,4,3,3,0,1.88,0.3,2200
1,1,0.25,0.25,2,2,1.75,1.75,1.75,1.75,1,1,4,4,3,3,0,1.88,0.3,2225
1,1,0.25,0.25,2,2,1.75,1.75,1.75,1.75,1,1,4,4,3,3,0,1.88,0.3,2250
1,1,0.25,0.25,2,2,1.75,1.75,1.75,1.75,1,1,4,4,3,3,0,1.88,0.3,2275
1,1,0.25,0.25,2,2,1.75,1.75,1.75,1.75,1,1,4,4,3,3,0,1.88,0.3,2300
1,1,0.25,0.25,2,2,1.75,1.75,1.75,1.75,1,1,4,4,3,3,0,1.88,0.3,2325
1,1,0.25,0.25,2,2,1.75,1.75,1.75,1.75,1,1,4,4,3,3,0,1.88,0.3,2350
1,1,0.25,0.25,2,2,1.75,1.75,1.75,1.75,1,1,4,4,3,3,0,1.88,0.3,2375
1,1,0.25,0.25,2,2,1.75,1.75,1.75,1.75,1,1,4,4,3,3,0,1.88,0.3,2400
1,1,0.25,0.25,2,2,1.75,1.75,1.75,1.75,1,1,4,4,3,3,0,1.88,0.3,2425
1,1,0.25,0.25,2,2,1.75,1.75,1.75,1.75,1,1,4,4,3,3,0,1.88,0.3,2450
1,1,0.25,0.25,2,2,1.75,1.75,1.75,1.75,1,1,4,4,3,3,0,1.88,0.3,2475
1,1,0.25,0.25,2,2,1.75,1.75,1.75,1.75,1,1,4,4,3,3,0,1.88,0.3,2500
1,1,0.25,0.25,2,2,1.75,1.75,1.75,1.75,1,1,4,4,3,3,0,1.88,0.35,250
1,1,0.25,0.25,2,2,1.75,1.75,1.75,1.75,1,1,4,4,3,3,0,1.88,0.35,275
1,1,0.25,0.25,2,2,1.75,1.75,1.75,1.75,1,1,4,4,3,3,0,1.88,0.35,300
1,1,0.25,0.25,2,2,1.75,1.75,1.75,1.75,1,1,4,4,3,3,0,1.88,0.35,325
1,1,0.25,0.25,2,2,1.75,1.75,1.75,1.75,1,1,4,4,3,3,0,1.88,0.35,350
1,1,0.25,0.25,2,2,1.75,1.75,1.75,1.75,1,1,4,4,3,3,0,1.88,0.35,375
1,1,0.25,0.25,2,2,1.75,1.75,1.75,1.75,1,1,4,4,3,3,0,1.88,0.35,400
1,1,0.25,0.25,2,2,1.75,1.75,1.75,1.75,1,1,4,4,3,3,0,1.88,0.35,425
1,1,0.25,0.25,2,2,1.75,1.75,1.75,1.75,1,1,4,4,3,3,0,1.88,0.35,450
1,1,0.25,0.25,2,2,1.75,1.75,1.75,1.75,1,1,4,4,3,3,0,1.88,0.35,475
1,1,0.25,0.25,2,2,1.75,1.75,1.75,1.75,1,1,4,4,3,3,0,1.88,0.35,500
1,1,0.25,0.25,2,2,1.75,1.75,1.75,1.75,1,1,4,4,3,3,0,1.88,0.35,525
1,1,0.25,0.25,2,2,1.75,1.75,1.75,1.75,1,1,4,4,3,3,0,1.88,0.35,550
1,1,0.25,0.25,2,2,1.75,1.75,1.75,1.75,1,1,4,4,3,3,0,1.88,0.35,575
1,1,0.25,0.25,2,2,1.75,1.75,1.75,1.75,1,1,4,4,3,3,0,1.88,0.35,600
1,1,0.25,0.25,2,2,1.75,1.75,1.75,1.75,1,1,4,4,3,3,0,1.88,0.35,625
1,1,0.25,0.25,2,2,1.75,1.75,1.75,1.75,1,1,4,4,3,3,0,1.88,0.35,650
1,1,0.25,0.25,2,2,1.75,1.75,1.75,1.75,1,1,4,4,3,3,0,1.88,0.35,675
1,1,0.25,0.25,2,2,1.75,1.75,1.75,1.75,1,1,4,4,3,3,0,1.88,0.35,700
1,1,0.25,0.25,2,2,1.75,1.75,1.75,1.75,1,1,4,4,3,3,0,1.88,0.35,725
1,1,0.25,0.25,2,2,1.75,1.75,1.75,1.75,1,1,4,4,3,3,0,1.88,0.35,750
1,1,0.25,0.25,2,2,1.75,1.75,1.75,1.75,1,1,4,4,3,3,0,1.88,0.35,775
1,1,0.25,0.25,2,2,1.75,1.75,1.75,1.75,1,1,4,4,3,3,0,1.88,0.35,800
1,1,0.25,0.25,2,2,1.75,1.75,1.75,1.75,1,1,4,4,3,3,0,1.88,0.35,825
1,1,0.25,0.25,2,2,1.75,1.75,1.75,1.75,1,1,4,4,3,3,0,1.88,0.35,850
1,1,0.25,0.25,2,2,1.75,1.75,1.75,1.75,1,1,4,4,3,3,0,1.88,0.35,875
1,1,0.25,0.25,2,2,1.75,1.75,1.75,1.75,1,1,4,4,3,3,0,1.88,0.35,900
1,1,0.25,0.25,2,2,1.75,1.75,1.75,1.75,1,1,4,4,3,3,0,1.88,0.35,925
1,1,0.25,0.25,2,2,1.75,1.75,1.75,1.75,1,1,4,4,3,3,0,1.88,0.35,950
1,1,0.25,0.25,2,2,1.75,1.75,1.75,1.75,1,1,4,4,3,3,0,1.88,0.35,975
1,1,0.25,0.25,2,2,1.75,1.75,1.75,1.75,1,1,4,4,3,3,0,1.88,0.35,1000
1,1,0.25,0.25,2,2,1.75,1.75,1.75,1.75,1,1,4,4,3,3,0,1.88,0.35,1025
1,1,0.25,0.25,2,2,1.75,1.75,1.75,1.75,1,1,4,4,3,3,0,1.88,0.35,1050
1,1,0.25,0.25,2,2,1.75,1.75,1.75,1.75,1,1,4,4,3,3,0,1.88,0.35,1075
1,1,0.25,0.25,2,2,1.75,1.75,1.75,1.75,1,1,4,4,3,3,0,1.88,0.35,1100
1,1,0.25,0.25,2,2,1.75,1.75,1.75,1.75,1,1,4,4,3,3,0,1.88,0.35,1125
1,1,0.25,0.25,2,2,1.75,1.75,1.75,1.75,1,1,4,4,3,3,0,1.88,0.35,1150
1,1,0.25,0.25,2,2,1.75,1.75,1.75,1.75,1,1,4,4,3,3,0,1.88,0.35,1175
1,1,0.25,0.25,2,2,1.75,1.75,1.75,1.75,1,1,4,4,3,3,0,1.88,0.35,1200
1,1,0.25,0.25,2,2,1.75,1.75,1.75,1.75,1,1,4,4,3,3,0,1.88,0.35,1225
1,1,0.25,0.25,2,2,1.75,1.75,1.75,1.75,1,1,4,4,3,3,0,1.88,0.35,1250
1,1,0.25,0.25,2,2,1.75,1.75,1.75,1.75,1,1,4,4,3,3,0,1.88,0.35,1275
1,1,0.25,0.25,2,2,1.75,1.75,1.75,1.75,1,1,4,4,3,3,0,1.88,0.35,1300
1,1,0.25,0.25,2,2,1.75,1.75,1.75,1.75,1,1,4,4,3,3,0,1.88,0.35,1325
1,1,0.25,0.25,2,2,1.75,1.75,1.75,1.75,1,1,4,4,3,3,0,1.88,0.35,1350
1,1,0.25,0.25,2,2,1.75,1.75,1.75,1.75,1,1,4,4,3,3,0,1.88,0.35,1375
1,1,0.25,0.25,2,2,1.75,1.75,1.75,1.75,1,1,4,4,3,3,0,1.88,0.35,1400
1,1,0.25,0.25,2,2,1.75,1.75,1.75,1.75,1,1,4,4,3,3,0,1.88,0.35,1425
1,1,0.25,0.25,2,2,1.75,1.75,1.75,1.75,1,1,4,4,3,3,0,1.88,0.35,1450
1,1,0.25,0.25,2,2,1.75,1.75,1.75,1.75,1,1,4,4,3,3,0,1.88,0.35,1475
1,1,0.25,0.25,2,2,1.75,1.75,1.75,1.75,1,1,4,4,3,3,0,1.88,0.35,1500
1,1,0.25,0.25,2,2,1.75,1.75,1.75,1.75,1,1,4,4,3,3,0,1.88,0.35,1525
1,1,0.25,0.25,2,2,1.75,1.75,1.75,1.75,1,1,4,4,3,3,0,1.88,0.35,1550
1,1,0.25,0.25,2,2,1.75,1.75,1.75,1.75,1,1,4,4,3,3,0,1.88,0.35,1575
1,1,0.25,0.25,2,2,1.75,1.75,1.75,1.75,1,1,4,4,3,3,0,1.88,0.35,1600
1,1,0.25,0.25,2,2,1.75,1.75,1.75,1.75,1,1,4,4,3,3,0,1.88,0.35,1625
1,1,0.25,0.25,2,2,1.75,1.75,1.75,1.75,1,1,4,4,3,3,0,1.88,0.35,1650
1,1,0.25,0.25,2,2,1.75,1.75,1.75,1.75,1,1,4,4,3,3,0,1.88,0.35,1675
1,1,0.25,0.25,2,2,1.75,1.75,1.75,1.75,1,1,4,4,3,3,0,1.88,0.35,1700
1,1,0.25,0.25,2,2,1.75,1.75,1.75,1.75,1,1,4,4,3,3,0,1.88,0.35,1725
1,1,0.25,0.25,2,2,1.75,1.75,1.75,1.75,1,1,4,4,3,3,0,1.88,0.35,1750
1,1,0.25,0.25,2,2,1.75,1.75,1.75,1.75,1,1,4,4,3,3,0,1.88,0.35,1775
1,1,0.25,0.25,2,2,1.75,1.75,1.75,1.75,1,1,4,4,3,3,0,1.88,0.35,1800
1,1,0.25,0.25,2,2,1.75,1.75,1.75,1.75,1,1,4,4,3,3,0,1.88,0.35,1825
1,1,0.25,0.25,2,2,1.75,1.75,1.75,1.75,1,1,4,4,3,3,0,1.88,0.35,1850
1,1,0.25,0.25,2,2,1.75,1.75,1.75,1.75,1,1,4,4,3,3,0,1.88,0.35,1875
1,1,0.25,0.25,2,2,1.75,1.75,1.75,1.75,1,1,4,4,3,3,0,1.88,0.35,1900
1,1,0.25,0.25,2,2,1.75,1.75,1.75,1.75,1,1,4,4,3,3,0,1.88,0.35,1925
1,1,0.25,0.25,2,2,1.75,1.75,1.75,1.75,1,1,4,4,3,3,0,1.88,0.35,1950
1,1,0.25,0.25,2,2,1.75,1.75,1.75,1.75,1,1,4,4,3,3,0,1.88,0.35,1975
1,1,0.25,0.25,2,2,1.75,1.75,1.75,1.75,1,1,4,4,3,3,0,1.88,0.35,2000
1,1,0.25,0.25,2,2,1.75,1.75,1.75,1.75,1,1,4,4,3,3,0,1.88,0.35,2025
1,1,0.25,0.25,2,2,1.75,1.75,1.75,1.75,1,1,4,4,3,3,0,1.88,0.35,2050
1,1,0.25,0.25,2,2,1.75,1.75,1.75,1.75,1,1,4,4,3,3,0,1.88,0.35,2075
1,1,0.25,0.25,2,2,1.75,1.75,1.75,1.75,1,1,4,4,3,3,0,1.88,0.35,2100
1,1,0.25,0.25,2,2,1.75,1.75,1.75,1.75,1,1,4,4,3,3,0,1.88,0.35,2125
1,1,0.25,0.25,2,2,1.75,1.75,1.75,1.75,1,1,4,4,3,3,0,1.88,0.35,2150
1,1,0.25,0.25,2,2,1.75,1.75,1.75,1.75,1,1,4,4,3,3,0,1.88,0.35,2175
1,1,0.25,0.25,2,2,1.75,1.75,1.75,1.75,1,1,4,4,3,3,0,1.88,0.35,2200
1,1,0.25,0.25,2,2,1.75,1.75,1.75,1.75,1,1,4,4,3,3,0,1.88,0.35,2225
1,1,0.25,0.25,2,2,1.75,1.75,1.75,1.75,1,1,4,4,3,3,0,1.88,0.35,2250
1,1,0.25,0.25,2,2,1.75,1.75,1.75,1.75,1,1,4,4,3,3,0,1.88,0.35,2275
1,1,0.25,0.25,2,2,1.75,1.75,1.75,1.75,1,1,4,4,3,3,0,1.88,0.35,2300
1,1,0.25,0.25,2,2,1.75,1.75,1.75,1.75,1,1,4,4,3,3,0,1.88,0.35,2325
1,1,0.25,0.25,2,2,1.75,1.75,1.75,1.75,1,1,4,4,3,3,0,1.88,0.35,2350
1,1,0.25,0.25,2,2,1.75,1.75,1.75,1.75,1,1,4,4,3,3,0,1.88,0.35,2375
1,1,0.25,0.25,2,2,1.75,1.75,1.75,1.75,1,1,4,4,3,3,0,1.88,0.35,2400
1,1,0.25,0.25,2,2,1.75,1.75,1.75,1.75,1,1,4,4,3,3,0,1.88,0.35,2425
1,1,0.25,0.25,2,2,1.75,1.75,1.75,1.75,1,1,4,4,3,3,0,1.88,0.35,2450
1,1,0.25,0.25,2,2,1.75,1.75,1.75,1.75,1,1,4,4,3,3,0,1.88,0.35,2475
1,1,0.25,0.25,2,2,1.75,1.75,1.75,1.75,1,1,4,4,3,3,0,1.88,0.35,2500
1,1,0.25,0.25,2,2,1.75,1.75,1.75,1.75,1,1,4,4,3,3,0,1.88,0.4,250
1,1,0.25,0.25,2,2,1.75,1.75,1.75,1.75,1,1,4,4,3,3,0,1.88,0.4,275
1,1,0.25,0.25,2,2,1.75,1.75,1.75,1.75,1,1,4,4,3,3,0,1.88,0.4,300
1,1,0.25,0.25,2,2,1.75,1.75,1.75,1.75,1,1,4,4,3,3,0,1.88,0.4,325
1,1,0.25,0.25,2,2,1.75,1.75,1.75,1.75,1,1,4,4,3,3,0,1.88,0.4,350
1,1,0.25,0.25,2,2,1.75,1.75,1.75,1.75,1,1,4,4,3,3,0,1.88,0.4,375
1,1,0.25,0.25,2,2,1.75,1.75,1.75,1.75,1,1,4,4,3,3,0,1.88,0.4,400
1,1,0.25,0.25,2,2,1.75,1.75,1.75,1.75,1,1,4,4,3,3,0,1.88,0.4,425
1,1,0.25,0.25,2,2,1.75,1.75,1.75,1.75,1,1,4,4,3,3,0,1.88,0.4,450
1,1,0.25,0.25,2,2,1.75,1.75,1.75,1.75,1,1,4,4,3,3,0,1.88,0.4,475
1,1,0.25,0.25,2,2,1.75,1.75,1.75,1.75,1,1,4,4,3,3,0,1.88,0.4,500
1,1,0.25,0.25,2,2,1.75,1.75,1.75,1.75,1,1,4,4,3,3,0,1.88,0.4,525
1,1,0.25,0.25,2,2,1.75,1.75,1.75,1.75,1,1,4,4,3,3,0,1.88,0.4,550
1,1,0.25,0.25,2,2,1.75,1.75,1.75,1.75,1,1,4,4,3,3,0,1.88,0.4,575
1,1,0.25,0.25,2,2,1.75,1.75,1.75,1.75,1,1,4,4,3,3,0,1.88,0.4,600
1,1,0.25,0.25,2,2,1.75,1.75,1.75,1.75,1,1,4,4,3,3,0,1.88,0.4,625
1,1,0.25,0.25,2,2,1.75,1.75,1.75,1.75,1,1,4,4,3,3,0,1.88,0.4,650
1,1,0.25,0.25,2,2,1.75,1.75,1.75,1.75,1,1,4,4,3,3,0,1.88,0.4,675
1,1,0.25,0.25,2,2,1.75,1.75,1.75,1.75,1,1,4,4,3,3,0,1.88,0.4,700
1,1,0.25,0.25,2,2,1.75,1.75,1.75,1.75,1,1,4,4,3,3,0,1.88,0.4,725
1,1,0.25,0.25,2,2,1.75,1.75,1.75,1.75,1,1,4,4,3,3,0,1.88,0.4,750
1,1,0.25,0.25,2,2,1.75,1.75,1.75,1.75,1,1,4,4,3,3,0,1.88,0.4,775
1,1,0.25,0.25,2,2,1.75,1.75,1.75,1.75,1,1,4,4,3,3,0,1.88,0.4,800
1,1,0.25,0.25,2,2,1.75,1.75,1.75,1.75,1,1,4,4,3,3,0,1.88,0.4,825
1,1,0.25,0.25,2,2,1.75,1.75,1.75,1.75,1,1,4,4,3,3,0,1.88,0.4,850
1,1,0.25,0.25,2,2,1.75,1.75,1.75,1.75,1,1,4,4,3,3,0,1.88,0.4,875
1,1,0.25,0.25,2,2,1.75,1.75,1.75,1.75,1,1,4,4,3,3,0,1.88,0.4,900
1,1,0.25,0.25,2,2,1.75,1.75,1.75,1.75,1,1,4,4,3,3,0,1.88,0.4,925
1,1,0.25,0.25,2,2,1.75,1.75,1.75,1.75,1,1,4,4,3,3,0,1.88,0.4,950
1,1,0.25,0.25,2,2,1.75,1.75,1.75,1.75,1,1,4,4,3,3,0,1.88,0.4,975
1,1,0.25,0.25,2,2,1.75,1.75,1.75,1.75,1,1,4,4,3,3,0,1.88,0.4,1000
1,1,0.25,0.25,2,2,1.75,1.75,1.75,1.75,1,1,4,4,3,3,0,1.88,0.4,1025
1,1,0.25,0.25,2,2,1.75,1.75,1.75,1.75,1,1,4,4,3,3,0,1.88,0.4,1050
1,1,0.25,0.25,2,2,1.75,1.75,1.75,1.75,1,1,4,4,3,3,0,1.88,0.4,1075
1,1,0.25,0.25,2,2,1.75,1.75,1.75,1.75,1,1,4,4,3,3,0,1.88,0.4,1100
1,1,0.25,0.25,2,2,1.75,1.75,1.75,1.75,1,1,4,4,3,3,0,1.88,0.4,1125
1,1,0.25,0.25,2,2,1.75,1.75,1.75,1.75,1,1,4,4,3,3,0,1.88,0.4,1150
1,1,0.25,0.25,2,2,1.75,1.75,1.75,1.75,1,1,4,4,3,3,0,1.88,0.4,1175
1,1,0.25,0.25,2,2,1.75,1.75,1.75,1.75,1,1,4,4,3,3,0,1.88,0.4,1200
1,1,0.25,0.25,2,2,1.75,1.75,1.75,1.75,1,1,4,4,3,3,0,1.88,0.4,1225
1,1,0.25,0.25,2,2,1.75,1.75,1.75,1.75,1,1,4,4,3,3,0,1.88,0.4,1250
1,1,0.25,0.25,2,2,1.75,1.75,1.75,1.75,1,1,4,4,3,3,0,1.88,0.4,1275
1,1,0.25,0.25,2,2,1.75,1.75,1.75,1.75,1,1,4,4,3,3,0,1.88,0.4,1300
1,1,0.25,0.25,2,2,1.75,1.75,1.75,1.75,1,1,4,4,3,3,0,1.88,0.4,1325
1,1,0.25,0.25,2,2,1.75,1.75,1.75,1.75,1,1,4,4,3,3,0,1.88,0.4,1350
1,1,0.25,0.25,2,2,1.75,1.75,1.75,1.75,1,1,4,4,3,3,0,1.88,0.4,1375
1,1,0.25,0.25,2,2,1.75,1.75,1.75,1.75,1,1,4,4,3,3,0,1.88,0.4,1400
1,1,0.25,0.25,2,2,1.75,1.75,1.75,1.75,1,1,4,4,3,3,0,1.88,0.4,1425
1,1,0.25,0.25,2,2,1.75,1.75,1.75,1.75,1,1,4,4,3,3,0,1.88,0.4,1450
1,1,0.25,0.25,2,2,1.75,1.75,1.75,1.75,1,1,4,4,3,3,0,1.88,0.4,1475
1,1,0.25,0.25,2,2,1.75,1.75,1.75,1.75,1,1,4,4,3,3,0,1.88,0.4,1500
1,1,0.25,0.25,2,2,1.75,1.75,1.75,1.75,1,1,4,4,3,3,0,1.88,0.4,1525
1,1,0.25,0.25,2,2,1.75,1.75,1.75,1.75,1,1,4,4,3,3,0,1.88,0.4,1550
1,1,0.25,0.25,2,2,1.75,1.75,1.75,1.75,1,1,4,4,3,3,0,1.88,0.4,1575
1,1,0.25,0.25,2,2,1.75,1.75,1.75,1.75,1,1,4,4,3,3,0,1.88,0.4,1600
1,1,0.25,0.25,2,2,1.75,1.75,1.75,1.75,1,1,4,4,3,3,0,1.88,0.4,1625
1,1,0.25,0.25,2,2,1.75,1.75,1.75,1.75,1,1,4,4,3,3,0,1.88,0.4,1650
1,1,0.25,0.25,2,2,1.75,1.75,1.75,1.75,1,1,4,4,3,3,0,1.88,0.4,1675
1,1,0.25,0.25,2,2,1.75,1.75,1.75,1.75,1,1,4,4,3,3,0,1.88,0.4,1700
1,1,0.25,0.25,2,2,1.75,1.75,1.75,1.75,1,1,4,4,3,3,0,1.88,0.4,1725
1,1,0.25,0.25,2,2,1.75,1.75,1.75,1.75,1,1,4,4,3,3,0,1.88,0.4,1750
1,1,0.25,0.25,2,2,1.75,1.75,1.75,1.75,1,1,4,4,3,3,0,1.88,0.4,1775
1,1,0.25,0.25,2,2,1.75,1.75,1.75,1.75,1,1,4,4,3,3,0,1.88,0.4,1800
1,1,0.25,0.25,2,2,1.75,1.75,1.75,1.75,1,1,4,4,3,3,0,1.88,0.4,1825
1,1,0.25,0.25,2,2,1.75,1.75,1.75,1.75,1,1,4,4,3,3,0,1.88,0.4,1850
1,1,0.25,0.25,2,2,1.75,1.75,1.75,1.75,1,1,4,4,3,3,0,1.88,0.4,1875
1,1,0.25,0.25,2,2,1.75,1.75,1.75,1.75,1,1,4,4,3,3,0,1.88,0.4,1900
1,1,0.25,0.25,2,2,1.75,1.75,1.75,1.75,1,1,4,4,3,3,0,1.88,0.4,1925
1,1,0.25,0.25,2,2,1.75,1.75,1.75,1.75,1,1,4,4,3,3,0,1.88,0.4,1950
1,1,0.25,0.25,2,2,1.75,1.75,1.75,1.75,1,1,4,4,3,3,0,1.88,0.4,1975
1,1,0.25,0.25,2,2,1.75,1.75,1.75,1.75,1,1,4,4,3,3,0,1.88,0.4,2000
1,1,0.25,0.25,2,2,1.75,1.75,1.75,1.75,1,1,4,4,3,3,0,1.88,0.4,2025
1,1,0.25,0.25,2,2,1.75,1.75,1.75,1.75,1,1,4,4,3,3,0,1.88,0.4,2050
1,1,0.25,0.25,2,2,1.75,1.75,1.75,1.75,1,1,4,4,3,3,0,1.88,0.4,2075
1,1,0.25,0.25,2,2,1.75,1.75,1.75,1.75,1,1,4,4,3,3,0,1.88,0.4,2100
1,1,0.25,0.25,2,2,1.75,1.75,1.75,1.75,1,1,4,4,3,3,0,1.88,0.4,2125
1,1,0.25,0.25,2,2,1.75,1.75,1.75,1.75,1,1,4,4,3,3,0,1.88,0.4,2150
1,1,0.25,0.25,2,2,1.75,1.75,1.75,1.75,1,1,4,4,3,3,0,1.88,0.4,2175
1,1,0.25,0.25,2,2,1.75,1.75,1.75,1.75,1,1,4,4,3,3,0,1.88,0.4,2200
1,1,0.25,0.25,2,2,1.75,1.75,1.75,1.75,1,1,4,4,3,3,0,1.88,0.4,2225
1,1,0.25,0.25,2,2,1.75,1.75,1.75,1.75,1,1,4,4,3,3,0,1.88,0.4,2250
1,1,0.25,0.25,2,2,1.75,1.75,1.75,1.75,1,1,4,4,3,3,0,1.88,0.4,2275
1,1,0.25,0.25,2,2,1.75,1.75,1.75,1.75,1,1,4,4,3,3,0,1.88,0.4,2300
1,1,0.25,0.25,2,2,1.75,1.75,1.75,1.75,1,1,4,4,3,3,0,1.88,0.4,2325
1,1,0.25,0.25,2,2,1.75,1.75,1.75,1.75,1,1,4,4,3,3,0,1.88,0.4,2350
1,1,0.25,0.25,2,2,1.75,1.75,1.75,1.75,1,1,4,4,3,3,0,1.88,0.4,2375
1,1,0.25,0.25,2,2,1.75,1.75,1.75,1.75,1,1,4,4,3,3,0,1.88,0.4,2400
1,1,0.25,0.25,2,2,1.75,1.75,1.75,1.75,1,1,4,4,3,3,0,1.88,0.4,2425
1,1,0.25,0.25,2,2,1.75,1.75,1.75,1.75,1,1,4,4,3,3,0,1.88,0.4,2450
1,1,0.25,0.25,2,2,1.75,1.75,1.75,1.75,1,1,4,4,3,3,0,1.88,0.4,2475
1,1,0.25,0.25,2,2,1.75,1.75,1.75,1.75,1,1,4,4,3,3,0,1.88,0.4,2500
1,1,0.25,0.25,2,2,1.75,1.75,1.75,1.75,1,1,4,4,3,3,0,1.88,0.45,250
1,1,0.25,0.25,2,2,1.75,1.75,1.75,1.75,1,1,4,4,3,3,0,1.88,0.45,275
1,1,0.25,0.25,2,2,1.75,1.75,1.75,1.75,1,1,4,4,3,3,0,1.88,0.45,300
1,1,0.25,0.25,2,2,1.75,1.75,1.75,1.75,1,1,4,4,3,3,0,1.88,0.45,325
1,1,0.25,0.25,2,2,1.75,1.75,1.75,1.75,1,1,4,4,3,3,0,1.88,0.45,350
1,1,0.25,0.25,2,2,1.75,1.75,1.75,1.75,1,1,4,4,3,3,0,1.88,0.45,375
1,1,0.25,0.25,2,2,1.75,1.75,1.75,1.75,1,1,4,4,3,3,0,1.88,0.45,400
1,1,0.25,0.25,2,2,1.75,1.75,1.75,1.75,1,1,4,4,3,3,0,1.88,0.45,425
1,1,0.25,0.25,2,2,1.75,1.75,1.75,1.75,1,1,4,4,3,3,0,1.88,0.45,450
1,1,0.25,0.25,2,2,1.75,1.75,1.75,1.75,1,1,4,4,3,3,0,1.88,0.45,475
1,1,0.25,0.25,2,2,1.75,1.75,1.75,1.75,1,1,4,4,3,3,0,1.88,0.45,500
1,1,0.25,0.25,2,2,1.75,1.75,1.75,1.75,1,1,4,4,3,3,0,1.88,0.45,525
1,1,0.25,0.25,2,2,1.75,1.75,1.75,1.75,1,1,4,4,3,3,0,1.88,0.45,550
1,1,0.25,0.25,2,2,1.75,1.75,1.75,1.75,1,1,4,4,3,3,0,1.88,0.45,575
1,1,0.25,0.25,2,2,1.75,1.75,1.75,1.75,1,1,4,4,3,3,0,1.88,0.45,600
1,1,0.25,0.25,2,2,1.75,1.75,1.75,1.75,1,1,4,4,3,3,0,1.88,0.45,625
1,1,0.25,0.25,2,2,1.75,1.75,1.75,1.75,1,1,4,4,3,3,0,1.88,0.45,650
1,1,0.25,0.25,2,2,1.75,1.75,1.75,1.75,1,1,4,4,3,3,0,1.88,0.45,675
1,1,0.25,0.25,2,2,1.75,1.75,1.75,1.75,1,1,4,4,3,3,0,1.88,0.45,700
1,1,0.25,0.25,2,2,1.75,1.75,1.75,1.75,1,1,4,4,3,3,0,1.88,0.45,725
1,1,0.25,0.25,2,2,1.75,1.75,1.75,1.75,1,1,4,4,3,3,0,1.88,0.45,750
1,1,0.25,0.25,2,2,1.75,1.75,1.75,1.75,1,1,4,4,3,3,0,1.88,0.45,775
1,1,0.25,0.25,2,2,1.75,1.75,1.75,1.75,1,1,4,4,3,3,0,1.88,0.45,800
1,1,0.25,0.25,2,2,1.75,1.75,1.75,1.75,1,1,4,4,3,3,0,1.88,0.45,825
1,1,0.25,0.25,2,2,1.75,1.75,1.75,1.75,1,1,4,4,3,3,0,1.88,0.45,850
1,1,0.25,0.25,2,2,1.75,1.75,1.75,1.75,1,1,4,4,3,3,0,1.88,0.45,875
1,1,0.25,0.25,2,2,1.75,1.75,1.75,1.75,1,1,4,4,3,3,0,1.88,0.45,900
1,1,0.25,0.25,2,2,1.75,1.75,1.75,1.75,1,1,4,4,3,3,0,1.88,0.45,925
1,1,0.25,0.25,2,2,1.75,1.75,1.75,1.75,1,1,4,4,3,3,0,1.88,0.45,950
1,1,0.25,0.25,2,2,1.75,1.75,1.75,1.75,1,1,4,4,3,3,0,1.88,0.45,975
1,1,0.25,0.25,2,2,1.75,1.75,1.75,1.75,1,1,4,4,3,3,0,1.88,0.45,1000
1,1,0.25,0.25,2,2,1.75,1.75,1.75,1.75,1,1,4,4,3,3,0,1.88,0.45,1025
1,1,0.25,0.25,2,2,1.75,1.75,1.75,1.75,1,1,4,4,3,3,0,1.88,0.45,1050
1,1,0.25,0.25,2,2,1.75,1.75,1.75,1.75,1,1,4,4,3,3,0,1.88,0.45,1075
1,1,0.25,0.25,2,2,1.75,1.75,1.75,1.75,1,1,4,4,3,3,0,1.88,0.45,1100
1,1,0.25,0.25,2,2,1.75,1.75,1.75,1.75,1,1,4,4,3,3,0,1.88,0.45,1125
1,1,0.25,0.25,2,2,1.75,1.75,1.75,1.75,1,1,4,4,3,3,0,1.88,0.45,1150
1,1,0.25,0.25,2,2,1.75,1.75,1.75,1.75,1,1,4,4,3,3,0,1.88,0.45,1175
1,1,0.25,0.25,2,2,1.75,1.75,1.75,1.75,1,1,4,4,3,3,0,1.88,0.45,1200
1,1,0.25,0.25,2,2,1.75,1.75,1.75,1.75,1,1,4,4,3,3,0,1.88,0.45,1225
1,1,0.25,0.25,2,2,1.75,1.75,1.75,1.75,1,1,4,4,3,3,0,1.88,0.45,1250
1,1,0.25,0.25,2,2,1.75,1.75,1.75,1.75,1,1,4,4,3,3,0,1.88,0.45,1275
1,1,0.25,0.25,2,2,1.75,1.75,1.75,1.75,1,1,4,4,3,3,0,1.88,0.45,1300
1,1,0.25,0.25,2,2,1.75,1.75,1.75,1.75,1,1,4,4,3,3,0,1.88,0.45,1325
1,1,0.25,0.25,2,2,1.75,1.75,1.75,1.75,1,1,4,4,3,3,0,1.88,0.45,1350
1,1,0.25,0.25,2,2,1.75,1.75,1.75,1.75,1,1,4,4,3,3,0,1.88,0.45,1375
1,1,0.25,0.25,2,2,1.75,1.75,1.75,1.75,1,1,4,4,3,3,0,1.88,0.45,1400
1,1,0.25,0.25,2,2,1.75,1.75,1.75,1.75,1,1,4,4,3,3,0,1.88,0.45,1425
1,1,0.25,0.25,2,2,1.75,1.75,1.75,1.75,1,1,4,4,3,3,0,1.88,0.45,1450
1,1,0.25,0.25,2,2,1.75,1.75,1.75,1.75,1,1,4,4,3,3,0,1.88,0.45,1475
1,1,0.25,0.25,2,2,1.75,1.75,1.75,1.75,1,1,4,4,3,3,0,1.88,0.45,1500
1,1,0.25,0.25,2,2,1.75,1.75,1.75,1.75,1,1,4,4,3,3,0,1.88,0.45,1525
1,1,0.25,0.25,2,2,1.75,1.75,1.75,1.75,1,1,4,4,3,3,0,1.88,0.45,1550
1,1,0.25,0.25,2,2,1.75,1.75,1.75,1.75,1,1,4,4,3,3,0,1.88,0.45,1575
1,1,0.25,0.25,2,2,1.75,1.75,1.75,1.75,1,1,4,4,3,3,0,1.88,0.45,1600
1,1,0.25,0.25,2,2,1.75,1.75,1.75,1.75,1,1,4,4,3,3,0,1.88,0.45,1625
1,1,0.25,0.25,2,2,1.75,1.75,1.75,1.75,1,1,4,4,3,3,0,1.88,0.45,1650
1,1,0.25,0.25,2,2,1.75,1.75,1.75,1.75,1,1,4,4,3,3,0,1.88,0.45,1675
1,1,0.25,0.25,2,2,1.75,1.75,1.75,1.75,1,1,4,4,3,3,0,1.88,0.45,1700
1,1,0.25,0.25,2,2,1.75,1.75,1.75,1.75,1,1,4,4,3,3,0,1.88,0.45,1725
1,1,0.25,0.25,2,2,1.75,1.75,1.75,1.75,1,1,4,4,3,3,0,1.88,0.45,1750
1,1,0.25,0.25,2,2,1.75,1.75,1.75,1.75,1,1,4,4,3,3,0,1.88,0.45,1775
1,1,0.25,0.25,2,2,1.75,1.75,1.75,1.75,1,1,4,4,3,3,0,1.88,0.45,1800
1,1,0.25,0.25,2,2,1.75,1.75,1.75,1.75,1,1,4,4,3,3,0,1.88,0.45,1825
1,1,0.25,0.25,2,2,1.75,1.75,1.75,1.75,1,1,4,4,3,3,0,1.88,0.45,1850
1,1,0.25,0.25,2,2,1.75,1.75,1.75,1.75,1,1,4,4,3,3,0,1.88,0.45,1875
1,1,0.25,0.25,2,2,1.75,1.75,1.75,1.75,1,1,4,4,3,3,0,1.88,0.45,1900
1,1,0.25,0.25,2,2,1.75,1.75,1.75,1.75,1,1,4,4,3,3,0,1.88,0.45,1925
1,1,0.25,0.25,2,2,1.75,1.75,1.75,1.75,1,1,4,4,3,3,0,1.88,0.45,1950
1,1,0.25,0.25,2,2,1.75,1.75,1.75,1.75,1,1,4,4,3,3,0,1.88,0.45,1975
1,1,0.25,0.25,2,2,1.75,1.75,1.75,1.75,1,1,4,4,3,3,0,1.88,0.45,2000
1,1,0.25,0.25,2,2,1.75,1.75,1.75,1.75,1,1,4,4,3,3,0,1.88,0.45,2025
1,1,0.25,0.25,2,2,1.75,1.75,1.75,1.75,1,1,4,4,3,3,0,1.88,0.45,2050
1,1,0.25,0.25,2,2,1.75,1.75,1.75,1.75,1,1,4,4,3,3,0,1.88,0.45,2075
1,1,0.25,0.25,2,2,1.75,1.75,1.75,1.75,1,1,4,4,3,3,0,1.88,0.45,2100
1,1,0.25,0.25,2,2,1.75,1.75,1.75,1.75,1,1,4,4,3,3,0,1.88,0.45,2125
1,1,0.25,0.25,2,2,1.75,1.75,1.75,1.75,1,1,4,4,3,3,0,1.88,0.45,2150
1,1,0.25,0.25,2,2,1.75,1.75,1.75,1.75,1,1,4,4,3,3,0,1.88,0.45,2175
1,1,0.25,0.25,2,2,1.75,1.75,1.75,1.75,1,1,4,4,3,3,0,1.88,0.45,2200
1,1,0.25,0.25,2,2,1.75,1.75,1.75,1.75,1,1,4,4,3,3,0,1.88,0.45,2225
1,1,0.25,0.25,2,2,1.75,1.75,1.75,1.75,1,1,4,4,3,3,0,1.88,0.45,2250
1,1,0.25,0.25,2,2,1.75,1.75,1.75,1.75,1,1,4,4,3,3,0,1.88,0.45,2275
1,1,0.25,0.25,2,2,1.75,1.75,1.75,1.75,1,1,4,4,3,3,0,1.88,0.45,2300
1,1,0.25,0.25,2,2,1.75,1.75,1.75,1.75,1,1,4,4,3,3,0,1.88,0.45,2325
1,1,0.25,0.25,2,2,1.75,1.75,1.75,1.75,1,1,4,4,3,3,0,1.88,0.45,2350
1,1,0.25,0.25,2,2,1.75,1.75,1.75,1.75,1,1,4,4,3,3,0,1.88,0.45,2375
1,1,0.25,0.25,2,2,1.75,1.75,1.75,1.75,1,1,4,4,3,3,0,1.88,0.45,2400
1,1,0.25,0.25,2,2,1.75,1.75,1.75,1.75,1,1,4,4,3,3,0,1.88,0.45,2425
1,1,0.25,0.25,2,2,1.75,1.75,1.75,1.75,1,1,4,4,3,3,0,1.88,0.45,2450
1,1,0.25,0.25,2,2,1.75,1.75,1.75,1.75,1,1,4,4,3,3,0,1.88,0.45,2475
1,1,0.25,0.25,2,2,1.75,1.75,1.75,1.75,1,1,4,4,3,3,0,1.88,0.45,2500
1,1,0.25,0.25,2,2,1.75,1.75,1.75,1.75,1,1,4,4,3,3,0,1.88,0.5,250
1,1,0.25,0.25,2,2,1.75,1.75,1.75,1.75,1,1,4,4,3,3,0,1.88,0.5,275
1,1,0.25,0.25,2,2,1.75,1.75,1.75,1.75,1,1,4,4,3,3,0,1.88,0.5,300
1,1,0.25,0.25,2,2,1.75,1.75,1.75,1.75,1,1,4,4,3,3,0,1.88,0.5,325
1,1,0.25,0.25,2,2,1.75,1.75,1.75,1.75,1,1,4,4,3,3,0,1.88,0.5,350
1,1,0.25,0.25,2,2,1.75,1.75,1.75,1.75,1,1,4,4,3,3,0,1.88,0.5,375
1,1,0.25,0.25,2,2,1.75,1.75,1.75,1.75,1,1,4,4,3,3,0,1.88,0.5,400
1,1,0.25,0.25,2,2,1.75,1.75,1.75,1.75,1,1,4,4,3,3,0,1.88,0.5,425
1,1,0.25,0.25,2,2,1.75,1.75,1.75,1.75,1,1,4,4,3,3,0,1.88,0.5,450
1,1,0.25,0.25,2,2,1.75,1.75,1.75,1.75,1,1,4,4,3,3,0,1.88,0.5,475
1,1,0.25,0.25,2,2,1.75,1.75,1.75,1.75,1,1,4,4,3,3,0,1.88,0.5,500
1,1,0.25,0.25,2,2,1.75,1.75,1.75,1.75,1,1,4,4,3,3,0,1.88,0.5,525
1,1,0.25,0.25,2,2,1.75,1.75,1.75,1.75,1,1,4,4,3,3,0,1.88,0.5,550
1,1,0.25,0.25,2,2,1.75,1.75,1.75,1.75,1,1,4,4,3,3,0,1.88,0.5,575
1,1,0.25,0.25,2,2,1.75,1.75,1.75,1.75,1,1,4,4,3,3,0,1.88,0.5,600
1,1,0.25,0.25,2,2,1.75,1.75,1.75,1.75,1,1,4,4,3,3,0,1.88,0.5,625
1,1,0.25,0.25,2,2,1.75,1.75,1.75,1.75,1,1,4,4,3,3,0,1.88,0.5,650
1,1,0.25,0.25,2,2,1.75,1.75,1.75,1.75,1,1,4,4,3,3,0,1.88,0.5,675
1,1,0.25,0.25,2,2,1.75,1.75,1.75,1.75,1,1,4,4,3,3,0,1.88,0.5,700
1,1,0.25,0.25,2,2,1.75,1.75,1.75,1.75,1,1,4,4,3,3,0,1.88,0.5,725
1,1,0.25,0.25,2,2,1.75,1.75,1.75,1.75,1,1,4,4,3,3,0,1.88,0.5,750
1,1,0.25,0.25,2,2,1.75,1.75,1.75,1.75,1,1,4,4,3,3,0,1.88,0.5,775
1,1,0.25,0.25,2,2,1.75,1.75,1.75,1.75,1,1,4,4,3,3,0,1.88,0.5,800
1,1,0.25,0.25,2,2,1.75,1.75,1.75,1.75,1,1,4,4,3,3,0,1.88,0.5,825
1,1,0.25,0.25,2,2,1.75,1.75,1.75,1.75,1,1,4,4,3,3,0,1.88,0.5,850
1,1,0.25,0.25,2,2,1.75,1.75,1.75,1.75,1,1,4,4,3,3,0,1.88,0.5,875
1,1,0.25,0.25,2,2,1.75,1.75,1.75,1.75,1,1,4,4,3,3,0,1.88,0.5,900
1,1,0.25,0.25,2,2,1.75,1.75,1.75,1.75,1,1,4,4,3,3,0,1.88,0.5,925
1,1,0.25,0.25,2,2,1.75,1.75,1.75,1.75,1,1,4,4,3,3,0,1.88,0.5,950
1,1,0.25,0.25,2,2,1.75,1.75,1.75,1.75,1,1,4,4,3,3,0,1.88,0.5,975
1,1,0.25,0.25,2,2,1.75,1.75,1.75,1.75,1,1,4,4,3,3,0,1.88,0.5,1000
1,1,0.25,0.25,2,2,1.75,1.75,1.75,1.75,1,1,4,4,3,3,0,1.88,0.5,1025
1,1,0.25,0.25,2,2,1.75,1.75,1.75,1.75,1,1,4,4,3,3,0,1.88,0.5,1050
1,1,0.25,0.25,2,2,1.75,1.75,1.75,1.75,1,1,4,4,3,3,0,1.88,0.5,1075
1,1,0.25,0.25,2,2,1.75,1.75,1.75,1.75,1,1,4,4,3,3,0,1.88,0.5,1100
1,1,0.25,0.25,2,2,1.75,1.75,1.75,1.75,1,1,4,4,3,3,0,1.88,0.5,1125
1,1,0.25,0.25,2,2,1.75,1.75,1.75,1.75,1,1,4,4,3,3,0,1.88,0.5,1150
1,1,0.25,0.25,2,2,1.75,1.75,1.75,1.75,1,1,4,4,3,3,0,1.88,0.5,1175
1,1,0.25,0.25,2,2,1.75,1.75,1.75,1.75,1,1,4,4,3,3,0,1.88,0.5,1200
1,1,0.25,0.25,2,2,1.75,1.75,1.75,1.75,1,1,4,4,3,3,0,1.88,0.5,1225
1,1,0.25,0.25,2,2,1.75,1.75,1.75,1.75,1,1,4,4,3,3,0,1.88,0.5,1250
1,1,0.25,0.25,2,2,1.75,1.75,1.75,1.75,1,1,4,4,3,3,0,1.88,0.5,1275
1,1,0.25,0.25,2,2,1.75,1.75,1.75,1.75,1,1,4,4,3,3,0,1.88,0.5,1300
1,1,0.25,0.25,2,2,1.75,1.75,1.75,1.75,1,1,4,4,3,3,0,1.88,0.5,1325
1,1,0.25,0.25,2,2,1.75,1.75,1.75,1.75,1,1,4,4,3,3,0,1.88,0.5,1350
1,1,0.25,0.25,2,2,1.75,1.75,1.75,1.75,1,1,4,4,3,3,0,1.88,0.5,1375
1,1,0.25,0.25,2,2,1.75,1.75,1.75,1.75,1,1,4,4,3,3,0,1.88,0.5,1400
1,1,0.25,0.25,2,2,1.75,1.75,1.75,1.75,1,1,4,4,3,3,0,1.88,0.5,1425
1,1,0.25,0.25,2,2,1.75,1.75,1.75,1.75,1,1,4,4,3,3,0,1.88,0.5,1450
1,1,0.25,0.25,2,2,1.75,1.75,1.75,1.75,1,1,4,4,3,3,0,1.88,0.5,1475
1,1,0.25,0.25,2,2,1.75,1.75,1.75,1.75,1,1,4,4,3,3,0,1.88,0.5,1500
1,1,0.25,0.25,2,2,1.75,1.75,1.75,1.75,1,1,4,4,3,3,0,1.88,0.5,1525
1,1,0.25,0.25,2,2,1.75,1.75,1.75,1.75,1,1,4,4,3,3,0,1.88,0.5,1550
1,1,0.25,0.25,2,2,1.75,1.75,1.75,1.75,1,1,4,4,3,3,0,1.88,0.5,1575
1,1,0.25,0.25,2,2,1.75,1.75,1.75,1.75,1,1,4,4,3,3,0,1.88,0.5,1600
1,1,0.25,0.25,2,2,1.75,1.75,1.75,1.75,1,1,4,4,3,3,0,1.88,0.5,1625
1,1,0.25,0.25,2,2,1.75,1.75,1.75,1.75,1,1,4,4,3,3,0,1.88,0.5,1650
1,1,0.25,0.25,2,2,1.75,1.75,1.75,1.75,1,1,4,4,3,3,0,1.88,0.5,1675
1,1,0.25,0.25,2,2,1.75,1.75,1.75,1.75,1,1,4,4,3,3,0,1.88,0.5,1700
1,1,0.25,0.25,2,2,1.75,1.75,1.75,1.75,1,1,4,4,3,3,0,1.88,0.5,1725
1,1,0.25,0.25,2,2,1.75,1.75,1.75,1.75,1,1,4,4,3,3,0,1.88,0.5,1750
1,1,0.25,0.25,2,2,1.75,1.75,1.75,1.75,1,1,4,4,3,3,0,1.88,0.5,1775
1,1,0.25,0.25,2,2,1.75,1.75,1.75,1.75,1,1,4,4,3,3,0,1.88,0.5,1800
1,1,0.25,0.25,2,2,1.75,1.75,1.75,1.75,1,1,4,4,3,3,0,1.88,0.5,1825
1,1,0.25,0.25,2,2,1.75,1.75,1.75,1.75,1,1,4,4,3,3,0,1.88,0.5,1850
1,1,0.25,0.25,2,2,1.75,1.75,1.75,1.75,1,1,4,4,3,3,0,1.88,0.5,1875
1,1,0.25,0.25,2,2,1.75,1.75,1.75,1.75,1,1,4,4,3,3,0,1.88,0.5,1900
1,1,0.25,0.25,2,2,1.75,1.75,1.75,1.75,1,1,4,4,3,3,0,1.88,0.5,1925
1,1,0.25,0.25,2,2,1.75,1.75,1.75,1.75,1,1,4,4,3,3,0,1.88,0.5,1950
1,1,0.25,0.25,2,2,1.75,1.75,1.75,1.75,1,1,4,4,3,3,0,1.88,0.5,1975
1,1,0.25,0.25,2,2,1.75,1.75,1.75,1.75,1,1,4,4,3,3,0,1.88,0.5,2000
1,1,0.25,0.25,2,2,1.75,1.75,1.75,1.75,1,1,4,4,3,3,0,1.88,0.5,2025
1,1,0.25,0.25,2,2,1.75,1.75,1.75,1.75,1,1,4,4,3,3,0,1.88,0.5,2050
1,1,0.25,0.25,2,2,1.75,1.75,1.75,1.75,1,1,4,4,3,3,0,1.88,0.5,2075
1,1,0.25,0.25,2,2,1.75,1.75,1.75,1.75,1,1,4,4,3,3,0,1.88,0.5,2100
1,1,0.25,0.25,2,2,1.75,1.75,1.75,1.75,1,1,4,4,3,3,0,1.88,0.5,2125
1,1,0.25,0.25,2,2,1.75,1.75,1.75,1.75,1,1,4,4,3,3,0,1.88,0.5,2150
1,1,0.25,0.25,2,2,1.75,1.75,1.75,1.75,1,1,4,4,3,3,0,1.88,0.5,2175
1,1,0.25,0.25,2,2,1.75,1.75,1.75,1.75,1,1,4,4,3,3,0,1.88,0.5,2200
1,1,0.25,0.25,2,2,1.75,1.75,1.75,1.75,1,1,4,4,3,3,0,1.88,0.5,2225
1,1,0.25,0.25,2,2,1.75,1.75,1.75,1.75,1,1,4,4,3,3,0,1.88,0.5,2250
1,1,0.25,0.25,2,2,1.75,1.75,1.75,1.75,1,1,4,4,3,3,0,1.88,0.5,2275
1,1,0.25,0.25,2,2,1.75,1.75,1.75,1.75,1,1,4,4,3,3,0,1.88,0.5,2300
1,1,0.25,0.25,2,2,1.75,1.75,1.75,1.75,1,1,4,4,3,3,0,1.88,0.5,2325
1,1,0.25,0.25,2,2,1.75,1.75,1.75,1.75,1,1,4,4,3,3,0,1.88,0.5,2350
1,1,0.25,0.25,2,2,1.75,1.75,1.75,1.75,1,1,4,4,3,3,0,1.88,0.5,2375
1,1,0.25,0.25,2,2,1.75,1.75,1.75,1.75,1,1,4,4,3,3,0,1.88,0.5,2400
1,1,0.25,0.25,2,2,1.75,1.75,1.75,1.75,1,1,4,4,3,3,0,1.88,0.5,2425
1,1,0.25,0.25,2,2,1.75,1.75,1.75,1.75,1,1,4,4,3,3,0,1.88,0.5,2450
1,1,0.25,0.25,2,2,1.75,1.75,1.75,1.75,1,1,4,4,3,3,0,1.88,0.5,2475
1,1,0.25,0.25,2,2,1.75,1.75,1.75,1.75,1,1,4,4,3,3,0,1.88,0.5,2500
1,1,0.25,0.25,2,2,1.75,1.75,1.75,1.75,1,1,4,4,3,3,0,1.88,0.55,250
1,1,0.25,0.25,2,2,1.75,1.75,1.75,1.75,1,1,4,4,3,3,0,1.88,0.55,275
1,1,0.25,0.25,2,2,1.75,1.75,1.75,1.75,1,1,4,4,3,3,0,1.88,0.55,300
1,1,0.25,0.25,2,2,1.75,1.75,1.75,1.75,1,1,4,4,3,3,0,1.88,0.55,325
1,1,0.25,0.25,2,2,1.75,1.75,1.75,1.75,1,1,4,4,3,3,0,1.88,0.55,350
1,1,0.25,0.25,2,2,1.75,1.75,1.75,1.75,1,1,4,4,3,3,0,1.88,0.55,375
1,1,0.25,0.25,2,2,1.75,1.75,1.75,1.75,1,1,4,4,3,3,0,1.88,0.55,400
1,1,0.25,0.25,2,2,1.75,1.75,1.75,1.75,1,1,4,4,3,3,0,1.88,0.55,425
1,1,0.25,0.25,2,2,1.75,1.75,1.75,1.75,1,1,4,4,3,3,0,1.88,0.55,450
1,1,0.25,0.25,2,2,1.75,1.75,1.75,1.75,1,1,4,4,3,3,0,1.88,0.55,475
1,1,0.25,0.25,2,2,1.75,1.75,1.75,1.75,1,1,4,4,3,3,0,1.88,0.55,500
1,1,0.25,0.25,2,2,1.75,1.75,1.75,1.75,1,1,4,4,3,3,0,1.88,0.55,525
1,1,0.25,0.25,2,2,1.75,1.75,1.75,1.75,1,1,4,4,3,3,0,1.88,0.55,550
1,1,0.25,0.25,2,2,1.75,1.75,1.75,1.75,1,1,4,4,3,3,0,1.88,0.55,575
1,1,0.25,0.25,2,2,1.75,1.75,1.75,1.75,1,1,4,4,3,3,0,1.88,0.55,600
1,1,0.25,0.25,2,2,1.75,1.75,1.75,1.75,1,1,4,4,3,3,0,1.88,0.55,625
1,1,0.25,0.25,2,2,1.75,1.75,1.75,1.75,1,1,4,4,3,3,0,1.88,0.55,650
1,1,0.25,0.25,2,2,1.75,1.75,1.75,1.75,1,1,4,4,3,3,0,1.88,0.55,675
1,1,0.25,0.25,2,2,1.75,1.75,1.75,1.75,1,1,4,4,3,3,0,1.88,0.55,700
1,1,0.25,0.25,2,2,1.75,1.75,1.75,1.75,1,1,4,4,3,3,0,1.88,0.55,725
1,1,0.25,0.25,2,2,1.75,1.75,1.75,1.75,1,1,4,4,3,3,0,1.88,0.55,750
1,1,0.25,0.25,2,2,1.75,1.75,1.75,1.75,1,1,4,4,3,3,0,1.88,0.55,775
1,1,0.25,0.25,2,2,1.75,1.75,1.75,1.75,1,1,4,4,3,3,0,1.88,0.55,800
1,1,0.25,0.25,2,2,1.75,1.75,1.75,1.75,1,1,4,4,3,3,0,1.88,0.55,825
1,1,0.25,0.25,2,2,1.75,1.75,1.75,1.75,1,1,4,4,3,3,0,1.88,0.55,850
1,1,0.25,0.25,2,2,1.75,1.75,1.75,1.75,1,1,4,4,3,3,0,1.88,0.55,875
1,1,0.25,0.25,2,2,1.75,1.75,1.75,1.75,1,1,4,4,3,3,0,1.88,0.55,900
1,1,0.25,0.25,2,2,1.75,1.75,1.75,1.75,1,1,4,4,3,3,0,1.88,0.55,925
1,1,0.25,0.25,2,2,1.75,1.75,1.75,1.75,1,1,4,4,3,3,0,1.88,0.55,950
1,1,0.25,0.25,2,2,1.75,1.75,1.75,1.75,1,1,4,4,3,3,0,1.88,0.55,975
1,1,0.25,0.25,2,2,1.75,1.75,1.75,1.75,1,1,4,4,3,3,0,1.88,0.55,1000
1,1,0.25,0.25,2,2,1.75,1.75,1.75,1.75,1,1,4,4,3,3,0,1.88,0.55,1025
1,1,0.25,0.25,2,2,1.75,1.75,1.75,1.75,1,1,4,4,3,3,0,1.88,0.55,1050
1,1,0.25,0.25,2,2,1.75,1.75,1.75,1.75,1,1,4,4,3,3,0,1.88,0.55,1075
1,1,0.25,0.25,2,2,1.75,1.75,1.75,1.75,1,1,4,4,3,3,0,1.88,0.55,1100
1,1,0.25,0.25,2,2,1.75,1.75,1.75,1.75,1,1,4,4,3,3,0,1.88,0.55,1125
1,1,0.25,0.25,2,2,1.75,1.75,1.75,1.75,1,1,4,4,3,3,0,1.88,0.55,1150
1,1,0.25,0.25,2,2,1.75,1.75,1.75,1.75,1,1,4,4,3,3,0,1.88,0.55,1175
1,1,0.25,0.25,2,2,1.75,1.75,1.75,1.75,1,1,4,4,3,3,0,1.88,0.55,1200
1,1,0.25,0.25,2,2,1.75,1.75,1.75,1.75,1,1,4,4,3,3,0,1.88,0.55,1225
1,1,0.25,0.25,2,2,1.75,1.75,1.75,1.75,1,1,4,4,3,3,0,1.88,0.55,1250
1,1,0.25,0.25,2,2,1.75,1.75,1.75,1.75,1,1,4,4,3,3,0,1.88,0.55,1275
1,1,0.25,0.25,2,2,1.75,1.75,1.75,1.75,1,1,4,4,3,3,0,1.88,0.55,1300
1,1,0.25,0.25,2,2,1.75,1.75,1.75,1.75,1,1,4,4,3,3,0,1.88,0.55,1325
1,1,0.25,0.25,2,2,1.75,1.75,1.75,1.75,1,1,4,4,3,3,0,1.88,0.55,1350
1,1,0.25,0.25,2,2,1.75,1.75,1.75,1.75,1,1,4,4,3,3,0,1.88,0.55,1375
1,1,0.25,0.25,2,2,1.75,1.75,1.75,1.75,1,1,4,4,3,3,0,1.88,0.55,1400
1,1,0.25,0.25,2,2,1.75,1.75,1.75,1.75,1,1,4,4,3,3,0,1.88,0.55,1425
1,1,0.25,0.25,2,2,1.75,1.75,1.75,1.75,1,1,4,4,3,3,0,1.88,0.55,1450
1,1,0.25,0.25,2,2,1.75,1.75,1.75,1.75,1,1,4,4,3,3,0,1.88,0.55,1475
1,1,0.25,0.25,2,2,1.75,1.75,1.75,1.75,1,1,4,4,3,3,0,1.88,0.55,1500
1,1,0.25,0.25,2,2,1.75,1.75,1.75,1.75,1,1,4,4,3,3,0,1.88,0.55,1525
1,1,0.25,0.25,2,2,1.75,1.75,1.75,1.75,1,1,4,4,3,3,0,1.88,0.55,1550
1,1,0.25,0.25,2,2,1.75,1.75,1.75,1.75,1,1,4,4,3,3,0,1.88,0.55,1575
1,1,0.25,0.25,2,2,1.75,1.75,1.75,1.75,1,1,4,4,3,3,0,1.88,0.55,1600
1,1,0.25,0.25,2,2,1.75,1.75,1.75,1.75,1,1,4,4,3,3,0,1.88,0.55,1625
1,1,0.25,0.25,2,2,1.75,1.75,1.75,1.75,1,1,4,4,3,3,0,1.88,0.55,1650
1,1,0.25,0.25,2,2,1.75,1.75,1.75,1.75,1,1,4,4,3,3,0,1.88,0.55,1675
1,1,0.25,0.25,2,2,1.75,1.75,1.75,1.75,1,1,4,4,3,3,0,1.88,0.55,1700
1,1,0.25,0.25,2,2,1.75,1.75,1.75,1.75,1,1,4,4,3,3,0,1.88,0.55,1725
1,1,0.25,0.25,2,2,1.75,1.75,1.75,1.75,1,1,4,4,3,3,0,1.88,0.55,1750
1,1,0.25,0.25,2,2,1.75,1.75,1.75,1.75,1,1,4,4,3,3,0,1.88,0.55,1775
1,1,0.25,0.25,2,2,1.75,1.75,1.75,1.75,1,1,4,4,3,3,0,1.88,0.55,1800
1,1,0.25,0.25,2,2,1.75,1.75,1.75,1.75,1,1,4,4,3,3,0,1.88,0.55,1825
1,1,0.25,0.25,2,2,1.75,1.75,1.75,1.75,1,1,4,4,3,3,0,1.88,0.55,1850
1,1,0.25,0.25,2,2,1.75,1.75,1.75,1.75,1,1,4,4,3,3,0,1.88,0.55,1875
1,1,0.25,0.25,2,2,1.75,1.75,1.75,1.75,1,1,4,4,3,3,0,1.88,0.55,1900
1,1,0.25,0.25,2,2,1.75,1.75,1.75,1.75,1,1,4,4,3,3,0,1.88,0.55,1925
1,1,0.25,0.25,2,2,1.75,1.75,1.75,1.75,1,1,4,4,3,3,0,1.88,0.55,1950
1,1,0.25,0.25,2,2,1.75,1.75,1.75,1.75,1,1,4,4,3,3,0,1.88,0.55,1975
1,1,0.25,0.25,2,2,1.75,1.75,1.75,1.75,1,1,4,4,3,3,0,1.88,0.55,2000
1,1,0.25,0.25,2,2,1.75,1.75,1.75,1.75,1,1,4,4,3,3,0,1.88,0.55,2025
1,1,0.25,0.25,2,2,1.75,1.75,1.75,1.75,1,1,4,4,3,3,0,1.88,0.55,2050
1,1,0.25,0.25,2,2,1.75,1.75,1.75,1.75,1,1,4,4,3,3,0,1.88,0.55,2075
1,1,0.25,0.25,2,2,1.75,1.75,1.75,1.75,1,1,4,4,3,3,0,1.88,0.55,2100
1,1,0.25,0.25,2,2,1.75,1.75,1.75,1.75,1,1,4,4,3,3,0,1.88,0.55,2125
1,1,0.25,0.25,2,2,1.75,1.75,1.75,1.75,1,1,4,4,3,3,0,1.88,0.55,2150
1,1,0.25,0.25,2,2,1.75,1.75,1.75,1.75,1,1,4,4,3,3,0,1.88,0.55,2175
1,1,0.25,0.25,2,2,1.75,1.75,1.75,1.75,1,1,4,4,3,3,0,1.88,0.55,2200
1,1,0.25,0.25,2,2,1.75,1.75,1.75,1.75,1,1,4,4,3,3,0,1.88,0.55,2225
1,1,0.25,0.25,2,2,1.75,1.75,1.75,1.75,1,1,4,4,3,3,0,1.88,0.55,2250
1,1,0.25,0.25,2,2,1.75,1.75,1.75,1.75,1,1,4,4,3,3,0,1.88,0.55,2275
1,1,0.25,0.25,2,2,1.75,1.75,1.75,1.75,1,1,4,4,3,3,0,1.88,0.55,2300
1,1,0.25,0.25,2,2,1.75,1.75,1.75,1.75,1,1,4,4,3,3,0,1.88,0.55,2325
1,1,0.25,0.25,2,2,1.75,1.75,1.75,1.75,1,1,4,4,3,3,0,1.88,0.55,2350
1,1,0.25,0.25,2,2,1.75,1.75,1.75,1.75,1,1,4,4,3,3,0,1.88,0.55,2375
1,1,0.25,0.25,2,2,1.75,1.75,1.75,1.75,1,1,4,4,3,3,0,1.88,0.55,2400
1,1,0.25,0.25,2,2,1.75,1.75,1.75,1.75,1,1,4,4,3,3,0,1.88,0.55,2425
1,1,0.25,0.25,2,2,1.75,1.75,1.75,1.75,1,1,4,4,3,3,0,1.88,0.55,2450
1,1,0.25,0.25,2,2,1.75,1.75,1.75,1.75,1,1,4,4,3,3,0,1.88,0.55,2475
1,1,0.25,0.25,2,2,1.75,1.75,1.75,1.75,1,1,4,4,3,3,0,1.88,0.55,2500
1,1,0.25,0.25,2,2,1.75,1.75,1.75,1.75,1,1,4,4,3,3,0,1.88,0.6,250
1,1,0.25,0.25,2,2,1.75,1.75,1.75,1.75,1,1,4,4,3,3,0,1.88,0.6,275
1,1,0.25,0.25,2,2,1.75,1.75,1.75,1.75,1,1,4,4,3,3,0,1.88,0.6,300
1,1,0.25,0.25,2,2,1.75,1.75,1.75,1.75,1,1,4,4,3,3,0,1.88,0.6,325
1,1,0.25,0.25,2,2,1.75,1.75,1.75,1.75,1,1,4,4,3,3,0,1.88,0.6,350
1,1,0.25,0.25,2,2,1.75,1.75,1.75,1.75,1,1,4,4,3,3,0,1.88,0.6,375
1,1,0.25,0.25,2,2,1.75,1.75,1.75,1.75,1,1,4,4,3,3,0,1.88,0.6,400
1,1,0.25,0.25,2,2,1.75,1.75,1.75,1.75,1,1,4,4,3,3,0,1.88,0.6,425
1,1,0.25,0.25,2,2,1.75,1.75,1.75,1.75,1,1,4,4,3,3,0,1.88,0.6,450
1,1,0.25,0.25,2,2,1.75,1.75,1.75,1.75,1,1,4,4,3,3,0,1.88,0.6,475
1,1,0.25,0.25,2,2,1.75,1.75,1.75,1.75,1,1,4,4,3,3,0,1.88,0.6,500
1,1,0.25,0.25,2,2,1.75,1.75,1.75,1.75,1,1,4,4,3,3,0,1.88,0.6,525
1,1,0.25,0.25,2,2,1.75,1.75,1.75,1.75,1,1,4,4,3,3,0,1.88,0.6,550
1,1,0.25,0.25,2,2,1.75,1.75,1.75,1.75,1,1,4,4,3,3,0,1.88,0.6,575
1,1,0.25,0.25,2,2,1.75,1.75,1.75,1.75,1,1,4,4,3,3,0,1.88,0.6,600
1,1,0.25,0.25,2,2,1.75,1.75,1.75,1.75,1,1,4,4,3,3,0,1.88,0.6,625
1,1,0.25,0.25,2,2,1.75,1.75,1.75,1.75,1,1,4,4,3,3,0,1.88,0.6,650
1,1,0.25,0.25,2,2,1.75,1.75,1.75,1.75,1,1,4,4,3,3,0,1.88,0.6,675
1,1,0.25,0.25,2,2,1.75,1.75,1.75,1.75,1,1,4,4,3,3,0,1.88,0.6,700
1,1,0.25,0.25,2,2,1.75,1.75,1.75,1.75,1,1,4,4,3,3,0,1.88,0.6,725
1,1,0.25,0.25,2,2,1.75,1.75,1.75,1.75,1,1,4,4,3,3,0,1.88,0.6,750
1,1,0.25,0.25,2,2,1.75,1.75,1.75,1.75,1,1,4,4,3,3,0,1.88,0.6,775
1,1,0.25,0.25,2,2,1.75,1.75,1.75,1.75,1,1,4,4,3,3,0,1.88,0.6,800
1,1,0.25,0.25,2,2,1.75,1.75,1.75,1.75,1,1,4,4,3,3,0,1.88,0.6,825
1,1,0.25,0.25,2,2,1.75,1.75,1.75,1.75,1,1,4,4,3,3,0,1.88,0.6,850
1,1,0.25,0.25,2,2,1.75,1.75,1.75,1.75,1,1,4,4,3,3,0,1.88,0.6,875
1,1,0.25,0.25,2,2,1.75,1.75,1.75,1.75,1,1,4,4,3,3,0,1.88,0.6,900
1,1,0.25,0.25,2,2,1.75,1.75,1.75,1.75,1,1,4,4,3,3,0,1.88,0.6,925
1,1,0.25,0.25,2,2,1.75,1.75,1.75,1.75,1,1,4,4,3,3,0,1.88,0.6,950
1,1,0.25,0.25,2,2,1.75,1.75,1.75,1.75,1,1,4,4,3,3,0,1.88,0.6,975
1,1,0.25,0.25,2,2,1.75,1.75,1.75,1.75,1,1,4,4,3,3,0,1.88,0.6,1000
1,1,0.25,0.25,2,2,1.75,1.75,1.75,1.75,1,1,4,4,3,3,0,1.88,0.6,1025
1,1,0.25,0.25,2,2,1.75,1.75,1.75,1.75,1,1,4,4,3,3,0,1.88,0.6,1050
1,1,0.25,0.25,2,2,1.75,1.75,1.75,1.75,1,1,4,4,3,3,0,1.88,0.6,1075
1,1,0.25,0.25,2,2,1.75,1.75,1.75,1.75,1,1,4,4,3,3,0,1.88,0.6,1100
1,1,0.25,0.25,2,2,1.75,1.75,1.75,1.75,1,1,4,4,3,3,0,1.88,0.6,1125
1,1,0.25,0.25,2,2,1.75,1.75,1.75,1.75,1,1,4,4,3,3,0,1.88,0.6,1150
1,1,0.25,0.25,2,2,1.75,1.75,1.75,1.75,1,1,4,4,3,3,0,1.88,0.6,1175
1,1,0.25,0.25,2,2,1.75,1.75,1.75,1.75,1,1,4,4,3,3,0,1.88,0.6,1200
1,1,0.25,0.25,2,2,1.75,1.75,1.75,1.75,1,1,4,4,3,3,0,1.88,0.6,1225
1,1,0.25,0.25,2,2,1.75,1.75,1.75,1.75,1,1,4,4,3,3,0,1.88,0.6,1250
1,1,0.25,0.25,2,2,1.75,1.75,1.75,1.75,1,1,4,4,3,3,0,1.88,0.6,1275
1,1,0.25,0.25,2,2,1.75,1.75,1.75,1.75,1,1,4,4,3,3,0,1.88,0.6,1300
1,1,0.25,0.25,2,2,1.75,1.75,1.75,1.75,1,1,4,4,3,3,0,1.88,0.6,1325
1,1,0.25,0.25,2,2,1.75,1.75,1.75,1.75,1,1,4,4,3,3,0,1.88,0.6,1350
1,1,0.25,0.25,2,2,1.75,1.75,1.75,1.75,1,1,4,4,3,3,0,1.88,0.6,1375
1,1,0.25,0.25,2,2,1.75,1.75,1.75,1.75,1,1,4,4,3,3,0,1.88,0.6,1400
1,1,0.25,0.25,2,2,1.75,1.75,1.75,1.75,1,1,4,4,3,3,0,1.88,0.6,1425
1,1,0.25,0.25,2,2,1.75,1.75,1.75,1.75,1,1,4,4,3,3,0,1.88,0.6,1450
1,1,0.25,0.25,2,2,1.75,1.75,1.75,1.75,1,1,4,4,3,3,0,1.88,0.6,1475
1,1,0.25,0.25,2,2,1.75,1.75,1.75,1.75,1,1,4,4,3,3,0,1.88,0.6,1500
1,1,0.25,0.25,2,2,1.75,1.75,1.75,1.75,1,1,4,4,3,3,0,1.88,0.6,1525
1,1,0.25,0.25,2,2,1.75,1.75,1.75,1.75,1,1,4,4,3,3,0,1.88,0.6,1550
1,1,0.25,0.25,2,2,1.75,1.75,1.75,1.75,1,1,4,4,3,3,0,1.88,0.6,1575
1,1,0.25,0.25,2,2,1.75,1.75,1.75,1.75,1,1,4,4,3,3,0,1.88,0.6,1600
1,1,0.25,0.25,2,2,1.75,1.75,1.75,1.75,1,1,4,4,3,3,0,1.88,0.6,1625
1,1,0.25,0.25,2,2,1.75,1.75,1.75,1.75,1,1,4,4,3,3,0,1.88,0.6,1650
1,1,0.25,0.25,2,2,1.75,1.75,1.75,1.75,1,1,4,4,3,3,0,1.88,0.6,1675
1,1,0.25,0.25,2,2,1.75,1.75,1.75,1.75,1,1,4,4,3,3,0,1.88,0.6,1700
1,1,0.25,0.25,2,2,1.75,1.75,1.75,1.75,1,1,4,4,3,3,0,1.88,0.6,1725
1,1,0.25,0.25,2,2,1.75,1.75,1.75,1.75,1,1,4,4,3,3,0,1.88,0.6,1750
1,1,0.25,0.25,2,2,1.75,1.75,1.75,1.75,1,1,4,4,3,3,0,1.88,0.6,1775
1,1,0.25,0.25,2,2,1.75,1.75,1.75,1.75,1,1,4,4,3,3,0,1.88,0.6,1800
1,1,0.25,0.25,2,2,1.75,1.75,1.75,1.75,1,1,4,4,3,3,0,1.88,0.6,1825
1,1,0.25,0.25,2,2,1.75,1.75,1.75,1.75,1,1,4,4,3,3,0,1.88,0.6,1850
1,1,0.25,0.25,2,2,1.75,1.75,1.75,1.75,1,1,4,4,3,3,0,1.88,0.6,1875
1,1,0.25,0.25,2,2,1.75,1.75,1.75,1.75,1,1,4,4,3,3,0,1.88,0.6,1900
1,1,0.25,0.25,2,2,1.75,1.75,1.75,1.75,1,1,4,4,3,3,0,1.88,0.6,1925
1,1,0.25,0.25,2,2,1.75,1.75,1.75,1.75,1,1,4,4,3,3,0,1.88,0.6,1950
1,1,0.25,0.25,2,2,1.75,1.75,1.75,1.75,1,1,4,4,3,3,0,1.88,0.6,1975
1,1,0.25,0.25,2,2,1.75,1.75,1.75,1.75,1,1,4,4,3,3,0,1.88,0.6,2000
1,1,0.25,0.25,2,2,1.75,1.75,1.75,1.75,1,1,4,4,3,3,0,1.88,0.6,2025
1,1,0.25,0.25,2,2,1.75,1.75,1.75,1.75,1,1,4,4,3,3,0,1.88,0.6,2050
1,1,0.25,0.25,2,2,1.75,1.75,1.75,1.75,1,1,4,4,3,3,0,1.88,0.6,2075
1,1,0.25,0.25,2,2,1.75,1.75,1.75,1.75,1,1,4,4,3,3,0,1.88,0.6,2100
1,1,0.25,0.25,2,2,1.75,1.75,1.75,1.75,1,1,4,4,3,3,0,1.88,0.6,2125
1,1,0.25,0.25,2,2,1.75,1.75,1.75,1.75,1,1,4,4,3,3,0,1.88,0.6,2150
1,1,0.25,0.25,2,2,1.75,1.75,1.75,1.75,1,1,4,4,3,3,0,1.88,0.6,2175
1,1,0.25,0.25,2,2,1.75,1.75,1.75,1.75,1,1,4,4,3,3,0,1.88,0.6,2200
1,1,0.25,0.25,2,2,1.75,1.75,1.75,1.75,1,1,4,4,3,3,0,1.88,0.6,2225
1,1,0.25,0.25,2,2,1.75,1.75,1.75,1.75,1,1,4,4,3,3,0,1.88,0.6,2250
1,1,0.25,0.25,2,2,1.75,1.75,1.75,1.75,1,1,4,4,3,3,0,1.88,0.6,2275
1,1,0.25,0.25,2,2,1.75,1.75,1.75,1.75,1,1,4,4,3,3,0,1.88,0.6,2300
1,1,0.25,0.25,2,2,1.75,1.75,1.75,1.75,1,1,4,4,3,3,0,1.88,0.6,2325
1,1,0.25,0.25,2,2,1.75,1.75,1.75,1.75,1,1,4,4,3,3,0,1.88,0.6,2350
1,1,0.25,0.25,2,2,1.75,1.75,1.75,1.75,1,1,4,4,3,3,0,1.88,0.6,2375
1,1,0.25,0.25,2,2,1.75,1.75,1.75,1.75,1,1,4,4,3,3,0,1.88,0.6,2400
1,1,0.25,0.25,2,2,1.75,1.75,1.75,1.75,1,1,4,4,3,3,0,1.88,0.6,2425
1,1,0.25,0.25,2,2,1.75,1.75,1.75,1.75,1,1,4,4,3,3,0,1.88,0.6,2450
1,1,0.25,0.25,2,2,1.75,1.75,1.75,1.75,1,1,4,4,3,3,0,1.88,0.6,2475
1,1,0.25,0.25,2,2,1.75,1.75,1.75,1.75,1,1,4,4,3,3,0,1.88,0.6,2500
1,1,0.25,0.25,2,2,1.75,1.75,1.75,1.75,1,1,4,4,3,3,0,1.88,0.65,250
1,1,0.25,0.25,2,2,1.75,1.75,1.75,1.75,1,1,4,4,3,3,0,1.88,0.65,275
1,1,0.25,0.25,2,2,1.75,1.75,1.75,1.75,1,1,4,4,3,3,0,1.88,0.65,300
1,1,0.25,0.25,2,2,1.75,1.75,1.75,1.75,1,1,4,4,3,3,0,1.88,0.65,325
1,1,0.25,0.25,2,2,1.75,1.75,1.75,1.75,1,1,4,4,3,3,0,1.88,0.65,350
1,1,0.25,0.25,2,2,1.75,1.75,1.75,1.75,1,1,4,4,3,3,0,1.88,0.65,375
1,1,0.25,0.25,2,2,1.75,1.75,1.75,1.75,1,1,4,4,3,3,0,1.88,0.65,400
1,1,0.25,0.25,2,2,1.75,1.75,1.75,1.75,1,1,4,4,3,3,0,1.88,0.65,425
1,1,0.25,0.25,2,2,1.75,1.75,1.75,1.75,1,1,4,4,3,3,0,1.88,0.65,450
1,1,0.25,0.25,2,2,1.75,1.75,1.75,1.75,1,1,4,4,3,3,0,1.88,0.65,475
1,1,0.25,0.25,2,2,1.75,1.75,1.75,1.75,1,1,4,4,3,3,0,1.88,0.65,500
1,1,0.25,0.25,2,2,1.75,1.75,1.75,1.75,1,1,4,4,3,3,0,1.88,0.65,525
1,1,0.25,0.25,2,2,1.75,1.75,1.75,1.75,1,1,4,4,3,3,0,1.88,0.65,550
1,1,0.25,0.25,2,2,1.75,1.75,1.75,1.75,1,1,4,4,3,3,0,1.88,0.65,575
1,1,0.25,0.25,2,2,1.75,1.75,1.75,1.75,1,1,4,4,3,3,0,1.88,0.65,600
1,1,0.25,0.25,2,2,1.75,1.75,1.75,1.75,1,1,4,4,3,3,0,1.88,0.65,625
1,1,0.25,0.25,2,2,1.75,1.75,1.75,1.75,1,1,4,4,3,3,0,1.88,0.65,650
1,1,0.25,0.25,2,2,1.75,1.75,1.75,1.75,1,1,4,4,3,3,0,1.88,0.65,675
1,1,0.25,0.25,2,2,1.75,1.75,1.75,1.75,1,1,4,4,3,3,0,1.88,0.65,700
1,1,0.25,0.25,2,2,1.75,1.75,1.75,1.75,1,1,4,4,3,3,0,1.88,0.65,725
1,1,0.25,0.25,2,2,1.75,1.75,1.75,1.75,1,1,4,4,3,3,0,1.88,0.65,750
1,1,0.25,0.25,2,2,1.75,1.75,1.75,1.75,1,1,4,4,3,3,0,1.88,0.65,775
1,1,0.25,0.25,2,2,1.75,1.75,1.75,1.75,1,1,4,4,3,3,0,1.88,0.65,800
1,1,0.25,0.25,2,2,1.75,1.75,1.75,1.75,1,1,4,4,3,3,0,1.88,0.65,825
1,1,0.25,0.25,2,2,1.75,1.75,1.75,1.75,1,1,4,4,3,3,0,1.88,0.65,850
1,1,0.25,0.25,2,2,1.75,1.75,1.75,1.75,1,1,4,4,3,3,0,1.88,0.65,875
1,1,0.25,0.25,2,2,1.75,1.75,1.75,1.75,1,1,4,4,3,3,0,1.88,0.65,900
1,1,0.25,0.25,2,2,1.75,1.75,1.75,1.75,1,1,4,4,3,3,0,1.88,0.65,925
1,1,0.25,0.25,2,2,1.75,1.75,1.75,1.75,1,1,4,4,3,3,0,1.88,0.65,950
1,1,0.25,0.25,2,2,1.75,1.75,1.75,1.75,1,1,4,4,3,3,0,1.88,0.65,975
1,1,0.25,0.25,2,2,1.75,1.75,1.75,1.75,1,1,4,4,3,3,0,1.88,0.65,1000
1,1,0.25,0.25,2,2,1.75,1.75,1.75,1.75,1,1,4,4,3,3,0,1.88,0.65,1025
1,1,0.25,0.25,2,2,1.75,1.75,1.75,1.75,1,1,4,4,3,3,0,1.88,0.65,1050
1,1,0.25,0.25,2,2,1.75,1.75,1.75,1.75,1,1,4,4,3,3,0,1.88,0.65,1075
1,1,0.25,0.25,2,2,1.75,1.75,1.75,1.75,1,1,4,4,3,3,0,1.88,0.65,1100
1,1,0.25,0.25,2,2,1.75,1.75,1.75,1.75,1,1,4,4,3,3,0,1.88,0.65,1125
1,1,0.25,0.25,2,2,1.75,1.75,1.75,1.75,1,1,4,4,3,3,0,1.88,0.65,1150
1,1,0.25,0.25,2,2,1.75,1.75,1.75,1.75,1,1,4,4,3,3,0,1.88,0.65,1175
1,1,0.25,0.25,2,2,1.75,1.75,1.75,1.75,1,1,4,4,3,3,0,1.88,0.65,1200
1,1,0.25,0.25,2,2,1.75,1.75,1.75,1.75,1,1,4,4,3,3,0,1.88,0.65,1225
1,1,0.25,0.25,2,2,1.75,1.75,1.75,1.75,1,1,4,4,3,3,0,1.88,0.65,1250
1,1,0.25,0.25,2,2,1.75,1.75,1.75,1.75,1,1,4,4,3,3,0,1.88,0.65,1275
1,1,0.25,0.25,2,2,1.75,1.75,1.75,1.75,1,1,4,4,3,3,0,1.88,0.65,1300
1,1,0.25,0.25,2,2,1.75,1.75,1.75,1.75,1,1,4,4,3,3,0,1.88,0.65,1325
1,1,0.25,0.25,2,2,1.75,1.75,1.75,1.75,1,1,4,4,3,3,0,1.88,0.65,1350
1,1,0.25,0.25,2,2,1.75,1.75,1.75,1.75,1,1,4,4,3,3,0,1.88,0.65,1375
1,1,0.25,0.25,2,2,1.75,1.75,1.75,1.75,1,1,4,4,3,3,0,1.88,0.65,1400
1,1,0.25,0.25,2,2,1.75,1.75,1.75,1.75,1,1,4,4,3,3,0,1.88,0.65,1425
1,1,0.25,0.25,2,2,1.75,1.75,1.75,1.75,1,1,4,4,3,3,0,1.88,0.65,1450
1,1,0.25,0.25,2,2,1.75,1.75,1.75,1.75,1,1,4,4,3,3,0,1.88,0.65,1475
1,1,0.25,0.25,2,2,1.75,1.75,1.75,1.75,1,1,4,4,3,3,0,1.88,0.65,1500
1,1,0.25,0.25,2,2,1.75,1.75,1.75,1.75,1,1,4,4,3,3,0,1.88,0.65,1525
1,1,0.25,0.25,2,2,1.75,1.75,1.75,1.75,1,1,4,4,3,3,0,1.88,0.65,1550
1,1,0.25,0.25,2,2,1.75,1.75,1.75,1.75,1,1,4,4,3,3,0,1.88,0.65,1575
1,1,0.25,0.25,2,2,1.75,1.75,1.75,1.75,1,1,4,4,3,3,0,1.88,0.65,1600
1,1,0.25,0.25,2,2,1.75,1.75,1.75,1.75,1,1,4,4,3,3,0,1.88,0.65,1625
1,1,0.25,0.25,2,2,1.75,1.75,1.75,1.75,1,1,4,4,3,3,0,1.88,0.65,1650
1,1,0.25,0.25,2,2,1.75,1.75,1.75,1.75,1,1,4,4,3,3,0,1.88,0.65,1675
1,1,0.25,0.25,2,2,1.75,1.75,1.75,1.75,1,1,4,4,3,3,0,1.88,0.65,1700
1,1,0.25,0.25,2,2,1.75,1.75,1.75,1.75,1,1,4,4,3,3,0,1.88,0.65,1725
1,1,0.25,0.25,2,2,1.75,1.75,1.75,1.75,1,1,4,4,3,3,0,1.88,0.65,1750
1,1,0.25,0.25,2,2,1.75,1.75,1.75,1.75,1,1,4,4,3,3,0,1.88,0.65,1775
1,1,0.25,0.25,2,2,1.75,1.75,1.75,1.75,1,1,4,4,3,3,0,1.88,0.65,1800
1,1,0.25,0.25,2,2,1.75,1.75,1.75,1.75,1,1,4,4,3,3,0,1.88,0.65,1825
1,1,0.25,0.25,2,2,1.75,1.75,1.75,1.75,1,1,4,4,3,3,0,1.88,0.65,1850
1,1,0.25,0.25,2,2,1.75,1.75,1.75,1.75,1,1,4,4,3,3,0,1.88,0.65,1875
1,1,0.25,0.25,2,2,1.75,1.75,1.75,1.75,1,1,4,4,3,3,0,1.88,0.65,1900
1,1,0.25,0.25,2,2,1.75,1.75,1.75,1.75,1,1,4,4,3,3,0,1.88,0.65,1925
1,1,0.25,0.25,2,2,1.75,1.75,1.75,1.75,1,1,4,4,3,3,0,1.88,0.65,1950
1,1,0.25,0.25,2,2,1.75,1.75,1.75,1.75,1,1,4,4,3,3,0,1.88,0.65,1975
1,1,0.25,0.25,2,2,1.75,1.75,1.75,1.75,1,1,4,4,3,3,0,1.88,0.65,2000
1,1,0.25,0.25,2,2,1.75,1.75,1.75,1.75,1,1,4,4,3,3,0,1.88,0.65,2025
1,1,0.25,0.25,2,2,1.75,1.75,1.75,1.75,1,1,4,4,3,3,0,1.88,0.65,2050
1,1,0.25,0.25,2,2,1.75,1.75,1.75,1.75,1,1,4,4,3,3,0,1.88,0.65,2075
1,1,0.25,0.25,2,2,1.75,1.75,1.75,1.75,1,1,4,4,3,3,0,1.88,0.65,2100
1,1,0.25,0.25,2,2,1.75,1.75,1.75,1.75,1,1,4,4,3,3,0,1.88,0.65,2125
1,1,0.25,0.25,2,2,1.75,1.75,1.75,1.75,1,1,4,4,3,3,0,1.88,0.65,2150
1,1,0.25,0.25,2,2,1.75,1.75,1.75,1.75,1,1,4,4,3,3,0,1.88,0.65,2175
1,1,0.25,0.25,2,2,1.75,1.75,1.75,1.75,1,1,4,4,3,3,0,1.88,0.65,2200
1,1,0.25,0.25,2,2,1.75,1.75,1.75,1.75,1,1,4,4,3,3,0,1.88,0.65,2225
1,1,0.25,0.25,2,2,1.75,1.75,1.75,1.75,1,1,4,4,3,3,0,1.88,0.65,2250
1,1,0.25,0.25,2,2,1.75,1.75,1.75,1.75,1,1,4,4,3,3,0,1.88,0.65,2275
1,1,0.25,0.25,2,2,1.75,1.75,1.75,1.75,1,1,4,4,3,3,0,1.88,0.65,2300
1,1,0.25,0.25,2,2,1.75,1.75,1.75,1.75,1,1,4,4,3,3,0,1.88,0.65,2325
1,1,0.25,0.25,2,2,1.75,1.75,1.75,1.75,1,1,4,4,3,3,0,1.88,0.65,2350
1,1,0.25,0.25,2,2,1.75,1.75,1.75,1.75,1,1,4,4,3,3,0,1.88,0.65,2375
1,1,0.25,0.25,2,2,1.75,1.75,1.75,1.75,1,1,4,4,3,3,0,1.88,0.65,2400
1,1,0.25,0.25,2,2,1.75,1.75,1.75,1.75,1,1,4,4,3,3,0,1.88,0.65,2425
1,1,0.25,0.25,2,2,1.75,1.75,1.75,1.75,1,1,4,4,3,3,0,1.88,0.65,2450
1,1,0.25,0.25,2,2,1.75,1.75,1.75,1.75,1,1,4,4,3,3,0,1.88,0.65,2475
1,1,0.25,0.25,2,2,1.75,1.75,1.75,1.75,1,1,4,4,3,3,0,1.88,0.65,2500
1,1,0.25,0.25,2,2,1.75,1.75,1.75,1.75,1,1,4,4,3,3,0,1.88,0.7,250
1,1,0.25,0.25,2,2,1.75,1.75,1.75,1.75,1,1,4,4,3,3,0,1.88,0.7,275
1,1,0.25,0.25,2,2,1.75,1.75,1.75,1.75,1,1,4,4,3,3,0,1.88,0.7,300
1,1,0.25,0.25,2,2,1.75,1.75,1.75,1.75,1,1,4,4,3,3,0,1.88,0.7,325
1,1,0.25,0.25,2,2,1.75,1.75,1.75,1.75,1,1,4,4,3,3,0,1.88,0.7,350
1,1,0.25,0.25,2,2,1.75,1.75,1.75,1.75,1,1,4,4,3,3,0,1.88,0.7,375
1,1,0.25,0.25,2,2,1.75,1.75,1.75,1.75,1,1,4,4,3,3,0,1.88,0.7,400
1,1,0.25,0.25,2,2,1.75,1.75,1.75,1.75,1,1,4,4,3,3,0,1.88,0.7,425
1,1,0.25,0.25,2,2,1.75,1.75,1.75,1.75,1,1,4,4,3,3,0,1.88,0.7,450
1,1,0.25,0.25,2,2,1.75,1.75,1.75,1.75,1,1,4,4,3,3,0,1.88,0.7,475
1,1,0.25,0.25,2,2,1.75,1.75,1.75,1.75,1,1,4,4,3,3,0,1.88,0.7,500
1,1,0.25,0.25,2,2,1.75,1.75,1.75,1.75,1,1,4,4,3,3,0,1.88,0.7,525
1,1,0.25,0.25,2,2,1.75,1.75,1.75,1.75,1,1,4,4,3,3,0,1.88,0.7,550
1,1,0.25,0.25,2,2,1.75,1.75,1.75,1.75,1,1,4,4,3,3,0,1.88,0.7,575
1,1,0.25,0.25,2,2,1.75,1.75,1.75,1.75,1,1,4,4,3,3,0,1.88,0.7,600
1,1,0.25,0.25,2,2,1.75,1.75,1.75,1.75,1,1,4,4,3,3,0,1.88,0.7,625
1,1,0.25,0.25,2,2,1.75,1.75,1.75,1.75,1,1,4,4,3,3,0,1.88,0.7,650
1,1,0.25,0.25,2,2,1.75,1.75,1.75,1.75,1,1,4,4,3,3,0,1.88,0.7,675
1,1,0.25,0.25,2,2,1.75,1.75,1.75,1.75,1,1,4,4,3,3,0,1.88,0.7,700
1,1,0.25,0.25,2,2,1.75,1.75,1.75,1.75,1,1,4,4,3,3,0,1.88,0.7,725
1,1,0.25,0.25,2,2,1.75,1.75,1.75,1.75,1,1,4,4,3,3,0,1.88,0.7,750
1,1,0.25,0.25,2,2,1.75,1.75,1.75,1.75,1,1,4,4,3,3,0,1.88,0.7,775
1,1,0.25,0.25,2,2,1.75,1.75,1.75,1.75,1,1,4,4,3,3,0,1.88,0.7,800
1,1,0.25,0.25,2,2,1.75,1.75,1.75,1.75,1,1,4,4,3,3,0,1.88,0.7,825
1,1,0.25,0.25,2,2,1.75,1.75,1.75,1.75,1,1,4,4,3,3,0,1.88,0.7,850
1,1,0.25,0.25,2,2,1.75,1.75,1.75,1.75,1,1,4,4,3,3,0,1.88,0.7,875
1,1,0.25,0.25,2,2,1.75,1.75,1.75,1.75,1,1,4,4,3,3,0,1.88,0.7,900
1,1,0.25,0.25,2,2,1.75,1.75,1.75,1.75,1,1,4,4,3,3,0,1.88,0.7,925
1,1,0.25,0.25,2,2,1.75,1.75,1.75,1.75,1,1,4,4,3,3,0,1.88,0.7,950
1,1,0.25,0.25,2,2,1.75,1.75,1.75,1.75,1,1,4,4,3,3,0,1.88,0.7,975
1,1,0.25,0.25,2,2,1.75,1.75,1.75,1.75,1,1,4,4,3,3,0,1.88,0.7,1000
1,1,0.25,0.25,2,2,1.75,1.75,1.75,1.75,1,1,4,4,3,3,0,1.88,0.7,1025
1,1,0.25,0.25,2,2,1.75,1.75,1.75,1.75,1,1,4,4,3,3,0,1.88,0.7,1050
1,1,0.25,0.25,2,2,1.75,1.75,1.75,1.75,1,1,4,4,3,3,0,1.88,0.7,1075
1,1,0.25,0.25,2,2,1.75,1.75,1.75,1.75,1,1,4,4,3,3,0,1.88,0.7,1100
1,1,0.25,0.25,2,2,1.75,1.75,1.75,1.75,1,1,4,4,3,3,0,1.88,0.7,1125
1,1,0.25,0.25,2,2,1.75,1.75,1.75,1.75,1,1,4,4,3,3,0,1.88,0.7,1150
1,1,0.25,0.25,2,2,1.75,1.75,1.75,1.75,1,1,4,4,3,3,0,1.88,0.7,1175
1,1,0.25,0.25,2,2,1.75,1.75,1.75,1.75,1,1,4,4,3,3,0,1.88,0.7,1200
1,1,0.25,0.25,2,2,1.75,1.75,1.75,1.75,1,1,4,4,3,3,0,1.88,0.7,1225
1,1,0.25,0.25,2,2,1.75,1.75,1.75,1.75,1,1,4,4,3,3,0,1.88,0.7,1250
1,1,0.25,0.25,2,2,1.75,1.75,1.75,1.75,1,1,4,4,3,3,0,1.88,0.7,1275
1,1,0.25,0.25,2,2,1.75,1.75,1.75,1.75,1,1,4,4,3,3,0,1.88,0.7,1300
1,1,0.25,0.25,2,2,1.75,1.75,1.75,1.75,1,1,4,4,3,3,0,1.88,0.7,1325
1,1,0.25,0.25,2,2,1.75,1.75,1.75,1.75,1,1,4,4,3,3,0,1.88,0.7,1350
1,1,0.25,0.25,2,2,1.75,1.75,1.75,1.75,1,1,4,4,3,3,0,1.88,0.7,1375
1,1,0.25,0.25,2,2,1.75,1.75,1.75,1.75,1,1,4,4,3,3,0,1.88,0.7,1400
1,1,0.25,0.25,2,2,1.75,1.75,1.75,1.75,1,1,4,4,3,3,0,1.88,0.7,1425
1,1,0.25,0.25,2,2,1.75,1.75,1.75,1.75,1,1,4,4,3,3,0,1.88,0.7,1450
1,1,0.25,0.25,2,2,1.75,1.75,1.75,1.75,1,1,4,4,3,3,0,1.88,0.7,1475
1,1,0.25,0.25,2,2,1.75,1.75,1.75,1.75,1,1,4,4,3,3,0,1.88,0.7,1500
1,1,0.25,0.25,2,2,1.75,1.75,1.75,1.75,1,1,4,4,3,3,0,1.88,0.7,1525
1,1,0.25,0.25,2,2,1.75,1.75,1.75,1.75,1,1,4,4,3,3,0,1.88,0.7,1550
1,1,0.25,0.25,2,2,1.75,1.75,1.75,1.75,1,1,4,4,3,3,0,1.88,0.7,1575
1,1,0.25,0.25,2,2,1.75,1.75,1.75,1.75,1,1,4,4,3,3,0,1.88,0.7,1600
1,1,0.25,0.25,2,2,1.75,1.75,1.75,1.75,1,1,4,4,3,3,0,1.88,0.7,1625
1,1,0.25,0.25,2,2,1.75,1.75,1.75,1.75,1,1,4,4,3,3,0,1.88,0.7,1650
1,1,0.25,0.25,2,2,1.75,1.75,1.75,1.75,1,1,4,4,3,3,0,1.88,0.7,1675
1,1,0.25,0.25,2,2,1.75,1.75,1.75,1.75,1,1,4,4,3,3,0,1.88,0.7,1700
1,1,0.25,0.25,2,2,1.75,1.75,1.75,1.75,1,1,4,4,3,3,0,1.88,0.7,1725
1,1,0.25,0.25,2,2,1.75,1.75,1.75,1.75,1,1,4,4,3,3,0,1.88,0.7,1750
1,1,0.25,0.25,2,2,1.75,1.75,1.75,1.75,1,1,4,4,3,3,0,1.88,0.7,1775
1,1,0.25,0.25,2,2,1.75,1.75,1.75,1.75,1,1,4,4,3,3,0,1.88,0.7,1800
1,1,0.25,0.25,2,2,1.75,1.75,1.75,1.75,1,1,4,4,3,3,0,1.88,0.7,1825
1,1,0.25,0.25,2,2,1.75,1.75,1.75,1.75,1,1,4,4,3,3,0,1.88,0.7,1850
1,1,0.25,0.25,2,2,1.75,1.75,1.75,1.75,1,1,4,4,3,3,0,1.88,0.7,1875
1,1,0.25,0.25,2,2,1.75,1.75,1.75,1.75,1,1,4,4,3,3,0,1.88,0.7,1900
1,1,0.25,0.25,2,2,1.75,1.75,1.75,1.75,1,1,4,4,3,3,0,1.88,0.7,1925
1,1,0.25,0.25,2,2,1.75,1.75,1.75,1.75,1,1,4,4,3,3,0,1.88,0.7,1950
1,1,0.25,0.25,2,2,1.75,1.75,1.75,1.75,1,1,4,4,3,3,0,1.88,0.7,1975
1,1,0.25,0.25,2,2,1.75,1.75,1.75,1.75,1,1,4,4,3,3,0,1.88,0.7,2000
1,1,0.25,0.25,2,2,1.75,1.75,1.75,1.75,1,1,4,4,3,3,0,1.88,0.7,2025
1,1,0.25,0.25,2,2,1.75,1.75,1.75,1.75,1,1,4,4,3,3,0,1.88,0.7,2050
1,1,0.25,0.25,2,2,1.75,1.75,1.75,1.75,1,1,4,4,3,3,0,1.88,0.7,2075
1,1,0.25,0.25,2,2,1.75,1.75,1.75,1.75,1,1,4,4,3,3,0,1.88,0.7,2100
1,1,0.25,0.25,2,2,1.75,1.75,1.75,1.75,1,1,4,4,3,3,0,1.88,0.7,2125
1,1,0.25,0.25,2,2,1.75,1.75,1.75,1.75,1,1,4,4,3,3,0,1.88,0.7,2150
1,1,0.25,0.25,2,2,1.75,1.75,1.75,1.75,1,1,4,4,3,3,0,1.88,0.7,2175
1,1,0.25,0.25,2,2,1.75,1.75,1.75,1.75,1,1,4,4,3,3,0,1.88,0.7,2200
1,1,0.25,0.25,2,2,1.75,1.75,1.75,1.75,1,1,4,4,3,3,0,1.88,0.7,2225
1,1,0.25,0.25,2,2,1.75,1.75,1.75,1.75,1,1,4,4,3,3,0,1.88,0.7,2250
1,1,0.25,0.25,2,2,1.75,1.75,1.75,1.75,1,1,4,4,3,3,0,1.88,0.7,2275
1,1,0.25,0.25,2,2,1.75,1.75,1.75,1.75,1,1,4,4,3,3,0,1.88,0.7,2300
1,1,0.25,0.25,2,2,1.75,1.75,1.75,1.75,1,1,4,4,3,3,0,1.88,0.7,2325
1,1,0.25,0.25,2,2,1.75,1.75,1.75,1.75,1,1,4,4,3,3,0,1.88,0.7,2350
1,1,0.25,0.25,2,2,1.75,1.75,1.75,1.75,1,1,4,4,3,3,0,1.88,0.7,2375
1,1,0.25,0.25,2,2,1.75,1.75,1.75,1.75,1,1,4,4,3,3,0,1.88,0.7,2400
1,1,0.25,0.25,2,2,1.75,1.75,1.75,1.75,1,1,4,4,3,3,0,1.88,0.7,2425
1,1,0.25,0.25,2,2,1.75,1.75,1.75,1.75,1,1,4,4,3,3,0,1.88,0.7,2450
1,1,0.25,0.25,2,2,1.75,1.75,1.75,1.75,1,1,4,4,3,3,0,1.88,0.7,2475
1,1,0.25,0.25,2,2,1.75,1.75,1.75,1.75,1,1,4,4,3,3,0,1.88,0.7,2500
1,1,0.25,0.25,2,2,1.75,1.75,1.75,1.75,1,1,4,4,3,3,0,1.88,0.75,250
1,1,0.25,0.25,2,2,1.75,1.75,1.75,1.75,1,1,4,4,3,3,0,1.88,0.75,275
1,1,0.25,0.25,2,2,1.75,1.75,1.75,1.75,1,1,4,4,3,3,0,1.88,0.75,300
1,1,0.25,0.25,2,2,1.75,1.75,1.75,1.75,1,1,4,4,3,3,0,1.88,0.75,325
1,1,0.25,0.25,2,2,1.75,1.75,1.75,1.75,1,1,4,4,3,3,0,1.88,0.75,350
1,1,0.25,0.25,2,2,1.75,1.75,1.75,1.75,1,1,4,4,3,3,0,1.88,0.75,375
1,1,0.25,0.25,2,2,1.75,1.75,1.75,1.75,1,1,4,4,3,3,0,1.88,0.75,400
1,1,0.25,0.25,2,2,1.75,1.75,1.75,1.75,1,1,4,4,3,3,0,1.88,0.75,425
1,1,0.25,0.25,2,2,1.75,1.75,1.75,1.75,1,1,4,4,3,3,0,1.88,0.75,450
1,1,0.25,0.25,2,2,1.75,1.75,1.75,1.75,1,1,4,4,3,3,0,1.88,0.75,475
1,1,0.25,0.25,2,2,1.75,1.75,1.75,1.75,1,1,4,4,3,3,0,1.88,0.75,500
1,1,0.25,0.25,2,2,1.75,1.75,1.75,1.75,1,1,4,4,3,3,0,1.88,0.75,525
1,1,0.25,0.25,2,2,1.75,1.75,1.75,1.75,1,1,4,4,3,3,0,1.88,0.75,550
1,1,0.25,0.25,2,2,1.75,1.75,1.75,1.75,1,1,4,4,3,3,0,1.88,0.75,575
1,1,0.25,0.25,2,2,1.75,1.75,1.75,1.75,1,1,4,4,3,3,0,1.88,0.75,600
1,1,0.25,0.25,2,2,1.75,1.75,1.75,1.75,1,1,4,4,3,3,0,1.88,0.75,625
1,1,0.25,0.25,2,2,1.75,1.75,1.75,1.75,1,1,4,4,3,3,0,1.88,0.75,650
1,1,0.25,0.25,2,2,1.75,1.75,1.75,1.75,1,1,4,4,3,3,0,1.88,0.75,675
1,1,0.25,0.25,2,2,1.75,1.75,1.75,1.75,1,1,4,4,3,3,0,1.88,0.75,700
1,1,0.25,0.25,2,2,1.75,1.75,1.75,1.75,1,1,4,4,3,3,0,1.88,0.75,725
1,1,0.25,0.25,2,2,1.75,1.75,1.75,1.75,1,1,4,4,3,3,0,1.88,0.75,750
1,1,0.25,0.25,2,2,1.75,1.75,1.75,1.75,1,1,4,4,3,3,0,1.88,0.75,775
1,1,0.25,0.25,2,2,1.75,1.75,1.75,1.75,1,1,4,4,3,3,0,1.88,0.75,800
1,1,0.25,0.25,2,2,1.75,1.75,1.75,1.75,1,1,4,4,3,3,0,1.88,0.75,825
1,1,0.25,0.25,2,2,1.75,1.75,1.75,1.75,1,1,4,4,3,3,0,1.88,0.75,850
1,1,0.25,0.25,2,2,1.75,1.75,1.75,1.75,1,1,4,4,3,3,0,1.88,0.75,875
1,1,0.25,0.25,2,2,1.75,1.75,1.75,1.75,1,1,4,4,3,3,0,1.88,0.75,900
1,1,0.25,0.25,2,2,1.75,1.75,1.75,1.75,1,1,4,4,3,3,0,1.88,0.75,925
1,1,0.25,0.25,2,2,1.75,1.75,1.75,1.75,1,1,4,4,3,3,0,1.88,0.75,950
1,1,0.25,0.25,2,2,1.75,1.75,1.75,1.75,1,1,4,4,3,3,0,1.88,0.75,975
1,1,0.25,0.25,2,2,1.75,1.75,1.75,1.75,1,1,4,4,3,3,0,1.88,0.75,1000
1,1,0.25,0.25,2,2,1.75,1.75,1.75,1.75,1,1,4,4,3,3,0,1.88,0.75,1025
1,1,0.25,0.25,2,2,1.75,1.75,1.75,1.75,1,1,4,4,3,3,0,1.88,0.75,1050
1,1,0.25,0.25,2,2,1.75,1.75,1.75,1.75,1,1,4,4,3,3,0,1.88,0.75,1075
1,1,0.25,0.25,2,2,1.75,1.75,1.75,1.75,1,1,4,4,3,3,0,1.88,0.75,1100
1,1,0.25,0.25,2,2,1.75,1.75,1.75,1.75,1,1,4,4,3,3,0,1.88,0.75,1125
1,1,0.25,0.25,2,2,1.75,1.75,1.75,1.75,1,1,4,4,3,3,0,1.88,0.75,1150
1,1,0.25,0.25,2,2,1.75,1.75,1.75,1.75,1,1,4,4,3,3,0,1.88,0.75,1175
1,1,0.25,0.25,2,2,1.75,1.75,1.75,1.75,1,1,4,4,3,3,0,1.88,0.75,1200
1,1,0.25,0.25,2,2,1.75,1.75,1.75,1.75,1,1,4,4,3,3,0,1.88,0.75,1225
1,1,0.25,0.25,2,2,1.75,1.75,1.75,1.75,1,1,4,4,3,3,0,1.88,0.75,1250
1,1,0.25,0.25,2,2,1.75,1.75,1.75,1.75,1,1,4,4,3,3,0,1.88,0.75,1275
1,1,0.25,0.25,2,2,1.75,1.75,1.75,1.75,1,1,4,4,3,3,0,1.88,0.75,1300
1,1,0.25,0.25,2,2,1.75,1.75,1.75,1.75,1,1,4,4,3,3,0,1.88,0.75,1325
1,1,0.25,0.25,2,2,1.75,1.75,1.75,1.75,1,1,4,4,3,3,0,1.88,0.75,1350
1,1,0.25,0.25,2,2,1.75,1.75,1.75,1.75,1,1,4,4,3,3,0,1.88,0.75,1375
1,1,0.25,0.25,2,2,1.75,1.75,1.75,1.75,1,1,4,4,3,3,0,1.88,0.75,1400
1,1,0.25,0.25,2,2,1.75,1.75,1.75,1.75,1,1,4,4,3,3,0,1.88,0.75,1425
1,1,0.25,0.25,2,2,1.75,1.75,1.75,1.75,1,1,4,4,3,3,0,1.88,0.75,1450
1,1,0.25,0.25,2,2,1.75,1.75,1.75,1.75,1,1,4,4,3,3,0,1.88,0.75,1475
1,1,0.25,0.25,2,2,1.75,1.75,1.75,1.75,1,1,4,4,3,3,0,1.88,0.75,1500
1,1,0.25,0.25,2,2,1.75,1.75,1.75,1.75,1,1,4,4,3,3,0,1.88,0.75,1525
1,1,0.25,0.25,2,2,1.75,1.75,1.75,1.75,1,1,4,4,3,3,0,1.88,0.75,1550
1,1,0.25,0.25,2,2,1.75,1.75,1.75,1.75,1,1,4,4,3,3,0,1.88,0.75,1575
1,1,0.25,0.25,2,2,1.75,1.75,1.75,1.75,1,1,4,4,3,3,0,1.88,0.75,1600
1,1,0.25,0.25,2,2,1.75,1.75,1.75,1.75,1,1,4,4,3,3,0,1.88,0.75,1625
1,1,0.25,0.25,2,2,1.75,1.75,1.75,1.75,1,1,4,4,3,3,0,1.88,0.75,1650
1,1,0.25,0.25,2,2,1.75,1.75,1.75,1.75,1,1,4,4,3,3,0,1.88,0.75,1675
1,1,0.25,0.25,2,2,1.75,1.75,1.75,1.75,1,1,4,4,3,3,0,1.88,0.75,1700
1,1,0.25,0.25,2,2,1.75,1.75,1.75,1.75,1,1,4,4,3,3,0,1.88,0.75,1725
1,1,0.25,0.25,2,2,1.75,1.75,1.75,1.75,1,1,4,4,3,3,0,1.88,0.75,1750
1,1,0.25,0.25,2,2,1.75,1.75,1.75,1.75,1,1,4,4,3,3,0,1.88,0.75,1775
1,1,0.25,0.25,2,2,1.75,1.75,1.75,1.75,1,1,4,4,3,3,0,1.88,0.75,1800
1,1,0.25,0.25,2,2,1.75,1.75,1.75,1.75,1,1,4,4,3,3,0,1.88,0.75,1825
1,1,0.25,0.25,2,2,1.75,1.75,1.75,1.75,1,1,4,4,3,3,0,1.88,0.75,1850
1,1,0.25,0.25,2,2,1.75,1.75,1.75,1.75,1,1,4,4,3,3,0,1.88,0.75,1875
1,1,0.25,0.25,2,2,1.75,1.75,1.75,1.75,1,1,4,4,3,3,0,1.88,0.75,1900
1,1,0.25,0.25,2,2,1.75,1.75,1.75,1.75,1,1,4,4,3,3,0,1.88,0.75,1925
1,1,0.25,0.25,2,2,1.75,1.75,1.75,1.75,1,1,4,4,3,3,0,1.88,0.75,1950
1,1,0.25,0.25,2,2,1.75,1.75,1.75,1.75,1,1,4,4,3,3,0,1.88,0.75,1975
1,1,0.25,0.25,2,2,1.75,1.75,1.75,1.75,1,1,4,4,3,3,0,1.88,0.75,2000
1,1,0.25,0.25,2,2,1.75,1.75,1.75,1.75,1,1,4,4,3,3,0,1.88,0.75,2025
1,1,0.25,0.25,2,2,1.75,1.75,1.75,1.75,1,1,4,4,3,3,0,1.88,0.75,2050
1,1,0.25,0.25,2,2,1.75,1.75,1.75,1.75,1,1,4,4,3,3,0,1.88,0.75,2075
1,1,0.25,0.25,2,2,1.75,1.75,1.75,1.75,1,1,4,4,3,3,0,1.88,0.75,2100
1,1,0.25,0.25,2,2,1.75,1.75,1.75,1.75,1,1,4,4,3,3,0,1.88,0.75,2125
1,1,0.25,0.25,2,2,1.75,1.75,1.75,1.75,1,1,4,4,3,3,0,1.88,0.75,2150
1,1,0.25,0.25,2,2,1.75,1.75,1.75,1.75,1,1,4,4,3,3,0,1.88,0.75,2175
1,1,0.25,0.25,2,2,1.75,1.75,1.75,1.75,1,1,4,4,3,3,0,1.88,0.75,2200
1,1,0.25,0.25,2,2,1.75,1.75,1.75,1.75,1,1,4,4,3,3,0,1.88,0.75,2225
1,1,0.25,0.25,2,2,1.75,1.75,1.75,1.75,1,1,4,4,3,3,0,1.88,0.75,2250
1,1,0.25,0.25,2,2,1.75,1.75,1.75,1.75,1,1,4,4,3,3,0,1.88,0.75,2275
1,1,0.25,0.25,2,2,1.75,1.75,1.75,1.75,1,1,4,4,3,3,0,1.88,0.75,2300
1,1,0.25,0.25,2,2,1.75,1.75,1.75,1.75,1,1,4,4,3,3,0,1.88,0.75,2325
1,1,0.25,0.25,2,2,1.75,1.75,1.75,1.75,1,1,4,4,3,3,0,1.88,0.75,2350
1,1,0.25,0.25,2,2,1.75,1.75,1.75,1.75,1,1,4,4,3,3,0,1.88,0.75,2375
1,1,0.25,0.25,2,2,1.75,1.75,1.75,1.75,1,1,4,4,3,3,0,1.88,0.75,2400
1,1,0.25,0.25,2,2,1.75,1.75,1.75,1.75,1,1,4,4,3,3,0,1.88,0.75,2425
1,1,0.25,0.25,2,2,1.75,1.75,1.75,1.75,1,1,4,4,3,3,0,1.88,0.75,2450
1,1,0.25,0.25,2,2,1.75,1.75,1.75,1.75,1,1,4,4,3,3,0,1.88,0.75,2475
1,1,0.25,0.25,2,2,1.75,1.75,1.75,1.75,1,1,4,4,3,3,0,1.88,0.75,2500
1,1,0.25,0.25,2,2,1.75,1.75,1.75,1.75,1,1,4,4,3,3,0,1.88,0.8,250
1,1,0.25,0.25,2,2,1.75,1.75,1.75,1.75,1,1,4,4,3,3,0,1.88,0.8,275
1,1,0.25,0.25,2,2,1.75,1.75,1.75,1.75,1,1,4,4,3,3,0,1.88,0.8,300
1,1,0.25,0.25,2,2,1.75,1.75,1.75,1.75,1,1,4,4,3,3,0,1.88,0.8,325
1,1,0.25,0.25,2,2,1.75,1.75,1.75,1.75,1,1,4,4,3,3,0,1.88,0.8,350
1,1,0.25,0.25,2,2,1.75,1.75,1.75,1.75,1,1,4,4,3,3,0,1.88,0.8,375
1,1,0.25,0.25,2,2,1.75,1.75,1.75,1.75,1,1,4,4,3,3,0,1.88,0.8,400
1,1,0.25,0.25,2,2,1.75,1.75,1.75,1.75,1,1,4,4,3,3,0,1.88,0.8,425
1,1,0.25,0.25,2,2,1.75,1.75,1.75,1.75,1,1,4,4,3,3,0,1.88,0.8,450
1,1,0.25,0.25,2,2,1.75,1.75,1.75,1.75,1,1,4,4,3,3,0,1.88,0.8,475
1,1,0.25,0.25,2,2,1.75,1.75,1.75,1.75,1,1,4,4,3,3,0,1.88,0.8,500
1,1,0.25,0.25,2,2,1.75,1.75,1.75,1.75,1,1,4,4,3,3,0,1.88,0.8,525
1,1,0.25,0.25,2,2,1.75,1.75,1.75,1.75,1,1,4,4,3,3,0,1.88,0.8,550
1,1,0.25,0.25,2,2,1.75,1.75,1.75,1.75,1,1,4,4,3,3,0,1.88,0.8,575
1,1,0.25,0.25,2,2,1.75,1.75,1.75,1.75,1,1,4,4,3,3,0,1.88,0.8,600
1,1,0.25,0.25,2,2,1.75,1.75,1.75,1.75,1,1,4,4,3,3,0,1.88,0.8,625
1,1,0.25,0.25,2,2,1.75,1.75,1.75,1.75,1,1,4,4,3,3,0,1.88,0.8,650
1,1,0.25,0.25,2,2,1.75,1.75,1.75,1.75,1,1,4,4,3,3,0,1.88,0.8,675
1,1,0.25,0.25,2,2,1.75,1.75,1.75,1.75,1,1,4,4,3,3,0,1.88,0.8,700
1,1,0.25,0.25,2,2,1.75,1.75,1.75,1.75,1,1,4,4,3,3,0,1.88,0.8,725
1,1,0.25,0.25,2,2,1.75,1.75,1.75,1.75,1,1,4,4,3,3,0,1.88,0.8,750
1,1,0.25,0.25,2,2,1.75,1.75,1.75,1.75,1,1,4,4,3,3,0,1.88,0.8,775
1,1,0.25,0.25,2,2,1.75,1.75,1.75,1.75,1,1,4,4,3,3,0,1.88,0.8,800
1,1,0.25,0.25,2,2,1.75,1.75,1.75,1.75,1,1,4,4,3,3,0,1.88,0.8,825
1,1,0.25,0.25,2,2,1.75,1.75,1.75,1.75,1,1,4,4,3,3,0,1.88,0.8,850
1,1,0.25,0.25,2,2,1.75,1.75,1.75,1.75,1,1,4,4,3,3,0,1.88,0.8,875
1,1,0.25,0.25,2,2,1.75,1.75,1.75,1.75,1,1,4,4,3,3,0,1.88,0.8,900
1,1,0.25,0.25,2,2,1.75,1.75,1.75,1.75,1,1,4,4,3,3,0,1.88,0.8,925
1,1,0.25,0.25,2,2,1.75,1.75,1.75,1.75,1,1,4,4,3,3,0,1.88,0.8,950
1,1,0.25,0.25,2,2,1.75,1.75,1.75,1.75,1,1,4,4,3,3,0,1.88,0.8,975
1,1,0.25,0.25,2,2,1.75,1.75,1.75,1.75,1,1,4,4,3,3,0,1.88,0.8,1000
1,1,0.25,0.25,2,2,1.75,1.75,1.75,1.75,1,1,4,4,3,3,0,1.88,0.8,1025
1,1,0.25,0.25,2,2,1.75,1.75,1.75,1.75,1,1,4,4,3,3,0,1.88,0.8,1050
1,1,0.25,0.25,2,2,1.75,1.75,1.75,1.75,1,1,4,4,3,3,0,1.88,0.8,1075
1,1,0.25,0.25,2,2,1.75,1.75,1.75,1.75,1,1,4,4,3,3,0,1.88,0.8,1100
1,1,0.25,0.25,2,2,1.75,1.75,1.75,1.75,1,1,4,4,3,3,0,1.88,0.8,1125
1,1,0.25,0.25,2,2,1.75,1.75,1.75,1.75,1,1,4,4,3,3,0,1.88,0.8,1150
1,1,0.25,0.25,2,2,1.75,1.75,1.75,1.75,1,1,4,4,3,3,0,1.88,0.8,1175
1,1,0.25,0.25,2,2,1.75,1.75,1.75,1.75,1,1,4,4,3,3,0,1.88,0.8,1200
1,1,0.25,0.25,2,2,1.75,1.75,1.75,1.75,1,1,4,4,3,3,0,1.88,0.8,1225
1,1,0.25,0.25,2,2,1.75,1.75,1.75,1.75,1,1,4,4,3,3,0,1.88,0.8,1250
1,1,0.25,0.25,2,2,1.75,1.75,1.75,1.75,1,1,4,4,3,3,0,1.88,0.8,1275
1,1,0.25,0.25,2,2,1.75,1.75,1.75,1.75,1,1,4,4,3,3,0,1.88,0.8,1300
1,1,0.25,0.25,2,2,1.75,1.75,1.75,1.75,1,1,4,4,3,3,0,1.88,0.8,1325
1,1,0.25,0.25,2,2,1.75,1.75,1.75,1.75,1,1,4,4,3,3,0,1.88,0.8,1350
1,1,0.25,0.25,2,2,1.75,1.75,1.75,1.75,1,1,4,4,3,3,0,1.88,0.8,1375
1,1,0.25,0.25,2,2,1.75,1.75,1.75,1.75,1,1,4,4,3,3,0,1.88,0.8,1400
1,1,0.25,0.25,2,2,1.75,1.75,1.75,1.75,1,1,4,4,3,3,0,1.88,0.8,1425
1,1,0.25,0.25,2,2,1.75,1.75,1.75,1.75,1,1,4,4,3,3,0,1.88,0.8,1450
1,1,0.25,0.25,2,2,1.75,1.75,1.75,1.75,1,1,4,4,3,3,0,1.88,0.8,1475
1,1,0.25,0.25,2,2,1.75,1.75,1.75,1.75,1,1,4,4,3,3,0,1.88,0.8,1500
1,1,0.25,0.25,2,2,1.75,1.75,1.75,1.75,1,1,4,4,3,3,0,1.88,0.8,1525
1,1,0.25,0.25,2,2,1.75,1.75,1.75,1.75,1,1,4,4,3,3,0,1.88,0.8,1550
1,1,0.25,0.25,2,2,1.75,1.75,1.75,1.75,1,1,4,4,3,3,0,1.88,0.8,1575
1,1,0.25,0.25,2,2,1.75,1.75,1.75,1.75,1,1,4,4,3,3,0,1.88,0.8,1600
1,1,0.25,0.25,2,2,1.75,1.75,1.75,1.75,1,1,4,4,3,3,0,1.88,0.8,1625
1,1,0.25,0.25,2,2,1.75,1.75,1.75,1.75,1,1,4,4,3,3,0,1.88,0.8,1650
1,1,0.25,0.25,2,2,1.75,1.75,1.75,1.75,1,1,4,4,3,3,0,1.88,0.8,1675
1,1,0.25,0.25,2,2,1.75,1.75,1.75,1.75,1,1,4,4,3,3,0,1.88,0.8,1700
1,1,0.25,0.25,2,2,1.75,1.75,1.75,1.75,1,1,4,4,3,3,0,1.88,0.8,1725
1,1,0.25,0.25,2,2,1.75,1.75,1.75,1.75,1,1,4,4,3,3,0,1.88,0.8,1750
1,1,0.25,0.25,2,2,1.75,1.75,1.75,1.75,1,1,4,4,3,3,0,1.88,0.8,1775
1,1,0.25,0.25,2,2,1.75,1.75,1.75,1.75,1,1,4,4,3,3,0,1.88,0.8,1800
1,1,0.25,0.25,2,2,1.75,1.75,1.75,1.75,1,1,4,4,3,3,0,1.88,0.8,1825
1,1,0.25,0.25,2,2,1.75,1.75,1.75,1.75,1,1,4,4,3,3,0,1.88,0.8,1850
1,1,0.25,0.25,2,2,1.75,1.75,1.75,1.75,1,1,4,4,3,3,0,1.88,0.8,1875
1,1,0.25,0.25,2,2,1.75,1.75,1.75,1.75,1,1,4,4,3,3,0,1.88,0.8,1900
1,1,0.25,0.25,2,2,1.75,1.75,1.75,1.75,1,1,4,4,3,3,0,1.88,0.8,1925
1,1,0.25,0.25,2,2,1.75,1.75,1.75,1.75,1,1,4,4,3,3,0,1.88,0.8,1950
1,1,0.25,0.25,2,2,1.75,1.75,1.75,1.75,1,1,4,4,3,3,0,1.88,0.8,1975
1,1,0.25,0.25,2,2,1.75,1.75,1.75,1.75,1,1,4,4,3,3,0,1.88,0.8,2000
1,1,0.25,0.25,2,2,1.75,1.75,1.75,1.75,1,1,4,4,3,3,0,1.88,0.8,2025
1,1,0.25,0.25,2,2,1.75,1.75,1.75,1.75,1,1,4,4,3,3,0,1.88,0.8,2050
1,1,0.25,0.25,2,2,1.75,1.75,1.75,1.75,1,1,4,4,3,3,0,1.88,0.8,2075
1,1,0.25,0.25,2,2,1.75,1.75,1.75,1.75,1,1,4,4,3,3,0,1.88,0.8,2100
1,1,0.25,0.25,2,2,1.75,1.75,1.75,1.75,1,1,4,4,3,3,0,1.88,0.8,2125
1,1,0.25,0.25,2,2,1.75,1.75,1.75,1.75,1,1,4,4,3,3,0,1.88,0.8,2150
1,1,0.25,0.25,2,2,1.75,1.75,1.75,1.75,1,1,4,4,3,3,0,1.88,0.8,2175
1,1,0.25,0.25,2,2,1.75,1.75,1.75,1.75,1,1,4,4,3,3,0,1.88,0.8,2200
1,1,0.25,0.25,2,2,1.75,1.75,1.75,1.75,1,1,4,4,3,3,0,1.88,0.8,2225
1,1,0.25,0.25,2,2,1.75,1.75,1.75,1.75,1,1,4,4,3,3,0,1.88,0.8,2250
1,1,0.25,0.25,2,2,1.75,1.75,1.75,1.75,1,1,4,4,3,3,0,1.88,0.8,2275
1,1,0.25,0.25,2,2,1.75,1.75,1.75,1.75,1,1,4,4,3,3,0,1.88,0.8,2300
1,1,0.25,0.25,2,2,1.75,1.75,1.75,1.75,1,1,4,4,3,3,0,1.88,0.8,2325
1,1,0.25,0.25,2,2,1.75,1.75,1.75,1.75,1,1,4,4,3,3,0,1.88,0.8,2350
1,1,0.25,0.25,2,2,1.75,1.75,1.75,1.75,1,1,4,4,3,3,0,1.88,0.8,2375
1,1,0.25,0.25,2,2,1.75,1.75,1.75,1.75,1,1,4,4,3,3,0,1.88,0.8,2400
1,1,0.25,0.25,2,2,1.75,1.75,1.75,1.75,1,1,4,4,3,3,0,1.88,0.8,2425
1,1,0.25,0.25,2,2,1.75,1.75,1.75,1.75,1,1,4,4,3,3,0,1.88,0.8,2450
1,1,0.25,0.25,2,2,1.75,1.75,1.75,1.75,1,1,4,4,3,3,0,1.88,0.8,2475
1,1,0.25,0.25,2,2,1.75,1.75,1.75,1.75,1,1,4,4,3,3,0,1.88,0.8,2500
